<?xml version="1.0" encoding="UTF-8" standalone="yes"?>
<addon id="resource.images.skinicons.wide" name="Skin Icons - Wide" version="1.0.3" provider-name="marcelveldt">
	<extension point="kodi.resource.images" compile="false" type="skinicons" />
	<requires>
		<import addon="kodi.resource" version="1.0.0"/>
	</requires>
	<extension point="xbmc.addon.metadata">
		<summary lang="en">Skin Icons Pack - Wide</summary>
		<description lang="en">Skin Icons Pack - Wide</description>
		<platform>all</platform>
		<assets>
	  	  <icon>icon.png</icon>
	  	  <fanart>fanart.jpg</fanart>
		</assets>
	</extension>
</addon>
