<?xml version="1.0" encoding="utf-8"?>
<!--Titan-->
<window>
    <defaultcontrol always="true">9005</defaultcontrol>
	<onload condition="System.HasAlarm(trailer_delay)">CancelAlarm(trailer_delay,true)</onload>
	<onload condition="Player.HasVideo + ![VideoPlayer.Content(movies) | VideoPlayer.Content(episodes) | VideoPlayer.Content(musicvideos) | VideoPlayer.Content(livetv)]">SetProperty(TrailerPlaying,windowed,Home)</onload>
	<onload condition="String.IsEqual(Window(Home).Property(BaseWindow),InfoDialog)">ClearProperty(BaseWindow,Home)</onload>
	<!--onload condition="[ContainerContent(episodes) | String.IsEqual(ListItem.DBTYPE,episode)] + [Skin.HasSetting(UseEnhancedDialog) + !Skin.HasSetting(UseExtendedInfoDialog)]">RunScript(script.embuary.helper,action=encode,string='"$INFO[ListItem.TVShowTitle]"',prop=EncodedTitle)</onload>
	<onload condition="![ContainerContent(episodes) | String.IsEqual(ListItem.DBTYPE,episode)] + [Skin.HasSetting(UseEnhancedDialog) + !Skin.HasSetting(UseExtendedInfoDialog)]">RunScript(script.embuary.helper,action=encode,string='"$INFO[ListItem.Label]"',prop=EncodedTitle)</onload-->
	<onload>RunScript(script.embuary.helper,action=encode,string='"$INFO[ListItem.Title]"',prop=EncodedTitle)</onload>
	<!-- <onload condition="!String.IsEmpty(Window(Home).Property(SkinHelper.ListItem.name.1.soundtrack))">PlayMedia($INFO[Window(Home).Property(SkinHelper.ListItem.track.0.soundtrack)],1)</onload> -->
	<onload>ClearProperty(AdditionalInfo)</onload>
	
	<onunload>ClearProperty(EncodedTitle,home)</onunload>	
	<onunload>ClearProperty(AdditionalInfo)</onunload>
    <onunload>ClearProperty(filename_formatted,Home)</onunload>  
	<onunload condition="!String.IsEmpty(Window(Home).Property(ShowSpotlightInfo))">ClearProperty(ShowSpotlightInfo,Home)</onunload>
	<!--   <onload condition="Skin.HasSetting(UseEnhancedDialog) + !Skin.HasSetting(UseExtendedInfoDialog) + [Container.content(tvshows) | String.IsEqual(ListItem.DBTYPE,tvshow)]]">RunScript(script.skin.helper.service,action=getpercentage,count=$INFO[ListItem.Property(WatchedEpisodes)],total=$INFO[ListItem.Property(TotalEpisodes)],skinstring=WatchedEpisodesPercent)</onload> -->
	<controls>
        <!-- fake button with actions -->
        <control type="button" id="9005">
            <visible allowhiddenfocus="true">false</visible>
            <onfocus condition="System.HasAddon(script.extendedinfo) + Skin.HasSetting(UseExtendedInfoDialog) + String.IsEqual(Window(Home).Property(contenttype),movies)">RunScript(script.extendedinfo,info=extendedinfo,dbid=$INFO[ListItem.DBID],name=$INFO[ListItem.Title])</onfocus>
            <onfocus condition="System.HasAddon(script.extendedinfo) + Skin.HasSetting(UseExtendedInfoDialog) + String.IsEqual(Window(Home).Property(contenttype),tvshows)">RunScript(script.extendedinfo,info=extendedtvinfo,dbid=$INFO[ListItem.DBID],name=$INFO[ListItem.TvShowTitle])</onfocus>
            <onfocus condition="System.HasAddon(script.extendedinfo) + Skin.HasSetting(UseExtendedInfoDialog) + String.IsEqual(Window(Home).Property(contenttype),seasons)">RunScript(script.extendedinfo,info=seasoninfo,tvshow=$INFO[ListItem.TvShowTitle],season=$INFO[ListItem.Season],silent=True)</onfocus>
            <onfocus condition="System.HasAddon(script.extendedinfo) + Skin.HasSetting(UseExtendedInfoDialog) + String.IsEqual(Window(Home).Property(contenttype),episodes)">RunScript(script.extendedinfo,info=extendedepisodeinfo,tvshow=$INFO[ListItem.TvShowTitle],season=$INFO[ListItem.Season],episode=$INFO[ListItem.Episode],silent=True)</onfocus>
			<!-- disabled, because on loop bug
			<onfocus condition="!Skin.HasSetting(UseExtendedInfoDialog) + Skin.HasSetting(videoinfo_traileraction,auto) + [[String.IsEqual(Window(Home).Property(contenttype),movies) | String.IsEqual(ListItem.DBTYPE,movie)] | ![String.IsEqual(Window(Home).Property(contenttype),tvshows) | String.IsEqual(ListItem.DBTYPE,tvshow)]]">PlayMedia($INFO[ListItem.Trailer],1)</onfocus>
			<onfocus condition="!Skin.HasSetting(UseExtendedInfoDialog) + Skin.HasSetting(videoinfo_traileraction,auto) + [![String.IsEqual(Window(Home).Property(contenttype),movies) | String.IsEqual(ListItem.DBTYPE,movie)] | [String.IsEqual(Window(Home).Property(contenttype),tvshows) | String.IsEqual(ListItem.DBTYPE,tvshow)]]">RunScript(script.skin.helper.service,action=playtraileryoutube,title=$INFO[ListItem.Title],local=true)</onfocus> -->
			<onfocus condition="System.HasAddon(script.extendedinfo) + Skin.HasSetting(UseExtendedInfoDialog)">close</onfocus>
            <onfocus condition="!Skin.HasSetting(UseExtendedInfoDialog)">SetFocus(8000)</onfocus>
        </control>
		<!-- include conditon -->
		<include condition="Skin.HasSetting(UseNetflixInfoDialog) + !Skin.HasSetting(UseExtendedInfoDialog)">NetflixInfo</include>
		<include condition="Skin.HasSetting(UseEnhancedDialog) + !Skin.HasSetting(UseExtendedInfoDialog)">Mod_Enhanced_Info</include> 
        <include condition="!Skin.HasSetting(UseNetflixInfoDialog) + !Skin.HasSetting(UseEnhancedDialog) + !Skin.HasSetting(UseExtendedInfoDialog)">DefaultInfo</include>
        <include condition="Skin.HasSetting(DebugGrid) | Skin.HasSetting(DebugInfo)">DebugInfo</include>
	</controls>
</window>
