<?xml version="1.0" encoding="utf-8"?>
<includes>
	
	<!--Global Background -->
    <include name="GlobalBackground">
		
		<!-- HIDDEN ART -->
		<control type ="group">
			<include>HiddenObject</include>
			<!-- COMMON FANART -->
			<control type="image" id="99006">
				<texture background="true">$VAR[fanartBackground]</texture>
				<visible>Skin.HasSetting(ShowFanartBackground) | !String.IsEmpty(Window(Home).Property(netflixview)) | $EXP[IsNetflixLayout] | Control.IsVisible(507)</visible>
				<include condition="Window.IsMedia">disabledFanart</include>
			</control>
			<!-- SKINHELPER SERVIVE  	EXTRA FANART	99005 -->
			<include condition="Skin.HasSetting(ShowFanartBackground) + Skin.HasSetting(SkinHelper.EnableExtraFanart)">extraFanartBackground</include>
			<!-- COMMON (native)		EXTRA FANART	99007 -->
			<include condition="Skin.HasSetting(ShowFanartBackground) + Skin.HasSetting(EnableNativeExtraFanart)">Alt_NoSH_extraFanartBackground</include>
		</control>
		
		
		<control type="group">
			
			<include>DimensionsFullscreen</include>
			
			<!-- GROUND - 1st LAYER BG check need,deleted -->
			
			
			<!-- MIDDLE - ARTWORK LAYER (Artowrk) + Cond Colordiffuse 
			split colordiffuse into new layer %opacity , jpg could be issue ? --> 
			<control type="multiimage" id="99004">
				<imagepath background="true" fallback="colors/color_black.png">$VAR[backgroundVar]</imagepath>
				<aspectratio>scale</aspectratio>
				<fadetime>800</fadetime>
				<colordiffuse>$VAR[MiddleLayer_FS_Colordiffuse]</colordiffuse>
				<include condition="Skin.HasSetting(RandomizeBackground)">randomizeImages</include>
				<include>fanartSpeed</include>
				<loop>yes</loop>
				<visible>!$EXP[IsNetflixLayout]</visible>
				<!-- Animated Art -->
				<animation effect="zoom" start="110" end="130" center="auto" time="12000" tween="cubic" easing="inout" pulse="true" condition="Skin.HasSetting(BackgroundAnimation)">Conditional</animation>
				<animation effect="slide" start="-10,-10" end="10,10" time="8000" tween="cubic" easing="inout" pulse="true" condition="Skin.HasSetting(BackgroundAnimation)">Conditional</animation>
			</control>
			
			<!-- MIDDLE - ARTWORK OVERLAY LAYER (Artowrk) for Colordiffuse + opacity -->
							<!-- maybe -->
							
			<!-- TOP - 3rd LAYER - resolve visible condition Cond Overlay Image with Cond Colordiffuse -->
			<control type="image">
				<visible>[$EXP[IsNetflixLayout] | [Control.IsVisible(507) + !Skin.HasSetting(View507_ShowInfo) + Skin.HasSetting(507_UseOverlay)]] | [!Control.IsVisible(507) + [[Skin.HasSetting(BackgroundOverlayMediaViewOnly) + !Window.IsActive(home)] | [Skin.HasSetting(BackgroundOverlayHomeOnly) + String.StartsWith(Window.Property(xmlfile),Home)] | [!Skin.HasSetting(BackgroundOverlayMediaViewOnly) + !Skin.HasSetting(BackgroundOverlayHomeOnly)]]]</visible>
				<texture fallback="diffuse/background.png">$VAR[BackgroundOverlayTexture]</texture>
				<colordiffuse>$VAR[BackgroundOverlayTexture_Colordiffuse]</colordiffuse>
				<animation effect="fade" start="100" end="40" delay="200" time="1500" pulse="false" condition="Player.HasVideo + !$EXP[IsNetflixLayout]">Conditional</animation>
			</control>
		</control>
        <!-- Snow Effect -->
        <control type="group">
            <include condition="Skin.HasSetting(enablesnow) + [Window.IsActive(Home) | Skin.HasSetting(expandsnow)]">snow</include>
        </control>

        <!-- touchscreen workaround for windows tablets -->
        <include condition="Skin.HasSetting(EnableTouchSupport)">TouchScreenWorkaround</include>

    </include>
	
		<!-- FANART / BG IMAGE TINT -->
		<variable name="MiddleLayer_FS_Colordiffuse">
			<value condition="Control.IsVisible(507)">FFFFFFFF</value>
			<value condition="!$EXP[IsNetflixLayout] + [Skin.String(BackgroundDiffuseColor) + !Skin.String(BackgroundDiffuseColor, None) + !Skin.String(BackgroundDiffuseColor.name, None)]">$INFO[Skin.String(BackgroundDiffuseColor)]</value>
			<value>FFFFFFFF</value>
		</variable>
		
	<!-- OVERLAY -->
		<variable name="BackgroundOverlayTexture">
			<!-- <value condition="Window.IsActive(movieinformation) + Skin.HasSetting(UseNetflixInfoDialog)"></value> -->
			<value condition="$EXP[IsNetflixLayout] | [Control.IsVisible(507) + Skin.HasSetting(View507_ShowInfo)]">colors/color_white.png</value>
			<value condition="Skin.String(BackgroundOverlayTexture)">$INFO[Skin.String(BackgroundOverlayTexture)]</value>
		</variable>
		
		<variable name="BackgroundOverlayTexture_Colordiffuse">
			<value condition="$EXP[IsNetflixLayout] + Skin.HasSetting(DisableColors)">$INFO[Window(Home).Property(TMDbHelper.ListItem.Colors.Main)]</value>
			<value condition="$EXP[IsNetflixLayout] + !Skin.HasSetting(DisableColors)">$INFO[Skin.String(NetflixBGColor)]</value>
			<value condition="Control.IsVisible(507) + Skin.HasSetting(View507_ShowInfo)">$INFO[Skin.String(ViewDetailsBGColor)]</value>
			<value condition="!$EXP[IsNetflixLayout] + Skin.String(BackgroundOverlayColor) + !Skin.String(BackgroundOverlayColor,None)">$INFO[Skin.String(BackgroundOverlayColor)]</value>
			<value>FFFFFFFF</value>
		</variable>
		
		<variable name="Netflix_Preview_Colordiffuse">
			<value condition="Skin.HasSetting(DisableColors)">$INFO[Window(Home).Property(TMDbHelper.ListItem.Colors.Main)]</value>
			<value condition="!Skin.HasSetting(DisableColors)">$INFO[Skin.String(NetflixBGColor)]</value>
			<value>FFFFFFFF</value>
		</variable>

	<include name="DialogOverlayExtra">
        <!-- dim screen overlay used in certain dialogs -->
        <control type="image">
            <include>DimensionsFullscreen</include>
            <texture>diffuse/background.png</texture>
            <colordiffuse>aawhite</colordiffuse>
            <visible>!Skin.String(BackgroundDiffuseColor.base)</visible>
        </control>
        <control type="image">
            <include>DimensionsFullscreen</include>
            <texture>diffuse/background.png</texture>
            <colordiffuse>aa0f0f0f</colordiffuse>
            <visible>!Skin.String(BackgroundDiffuseColor.base)</visible>
        </control>
        <control type="image" description="panel behind bg">
            <include>DimensionsFullscreen</include>
            <texture>diffuse/background.png</texture>
            <colordiffuse>$INFO[Skin.String(BackgroundDiffuseColor.base)]</colordiffuse>
            <visible>Skin.String(BackgroundDiffuseColor.base)</visible>
        </control>
    </include>
	
	<include name="fanartSpeed_multiimage">
        <timeperimage>$PARAM[timeperimage]</timeperimage>
    </include>
		
    <include name="fanartSpeed5">
        <timeperimage>5000</timeperimage>
    </include>
    <include name="fanartSpeed6">
        <timeperimage>6000</timeperimage>
    </include>
    <include name="fanartSpeed8">
        <timeperimage>8000</timeperimage>
    </include>
    <include name="fanartSpeed10">
        <timeperimage>10000</timeperimage>
    </include>
    <include name="fanartSpeed15">
        <timeperimage>15000</timeperimage>
    </include>
    <include name="fanartSpeed20">
        <timeperimage>20000</timeperimage>
    </include>
    <include name="fanartSpeed30">
        <timeperimage>30000</timeperimage>
    </include>
    <include name="fanartSpeed60">
        <timeperimage>60000</timeperimage>
    </include>

    <include name="fanartSpeed">
        <include condition="skin.string(SkinHelper.RandomFanartDelay, 6)">fanartSpeed6</include>
        <include condition="skin.string(SkinHelper.RandomFanartDelay, 5)">fanartSpeed5</include>
        <include condition="skin.string(SkinHelper.RandomFanartDelay, 8)">fanartSpeed8</include>
        <include condition="skin.string(SkinHelper.RandomFanartDelay, 10)">fanartSpeed10</include>
        <include condition="skin.string(SkinHelper.RandomFanartDelay, 15)">fanartSpeed15</include>
        <include condition="skin.string(SkinHelper.RandomFanartDelay, 20)">fanartSpeed20</include>
        <include condition="skin.string(SkinHelper.RandomFanartDelay, 30) | !skin.string(SkinHelper.RandomFanartDelay)">fanartSpeed30</include>
        <include condition="skin.string(SkinHelper.RandomFanartDelay, 60)">fanartSpeed60</include>
    </include>

    <include name="randomizeImages">
        <randomize>true</randomize>
    </include>

	<!-- SKINHELPER EXTRA FANART -->
    <include name="extraFanartBackground">
        <control type="multiimage" id="99005">
			<!-- common visibility conditions -->
            <visible>!Skin.HasSetting(EnableNativeExtraFanart)</visible>
			<visible>Skin.HasSetting(SkinHelper.EnableExtraFanart)</visible>
            <visible>
                [Window.IsActive(Home) + [Control.HasFocus(77777) | ControlGroup(77777).HasFocus() | Window.IsActive(DialogVideoInfo.xml)] + !String.IsEmpty(Window(Home).Property(SkinHelper.ListItem.Art.ExtraFanArt))] |
                [Container.Content(Genres) + Skin.String(moviegenrefanart.path) + !String.IsEmpty(ListItem.label) + !String.IsEqual(ListItem.label,..)] | 
                [Window.IsMedia + !String.IsEmpty(Window(Home).Property(SkinHelper.ListItem.Art.ExtraFanArt))]
            </visible>
			<!-- additional visibility conditions -->
			<include condition="Window.IsMedia">disabledExtraFanart</include>
			<imagepath background="true">$VAR[extraFanartBackground]</imagepath>
            <aspectratio>scale</aspectratio>
            
			<include content="fanartSpeed_multiimage" condition="skin.string(extrafanartdelay, 5) | !String.IsEmpty(skin.string(extrafanartdelay))">
				<param name="timeperimage" value="5000" />
			</include>
			<include content="fanartSpeed_multiimage" condition="skin.string(extrafanartdelay, 6)">
				<param name="timeperimage" value="6000" />
			</include>
			 <include content="fanartSpeed_multiimage" condition="skin.string(extrafanartdelay, 8)">
				<param name="timeperimage" value="8000" />
			</include>
			 <include content="fanartSpeed_multiimage" condition="skin.string(extrafanartdelay, 10)">
				<param name="timeperimage" value="10000" />
			</include>
			 <include content="fanartSpeed_multiimage" condition="skin.string(extrafanartdelay, 15)">
				<param name="timeperimage" value="15000" />
			</include>
			 <include content="fanartSpeed_multiimage" condition="skin.string(extrafanartdelay, 20)">
				<param name="timeperimage" value="20000" />
			</include>
			<include content="fanartSpeed_multiimage" condition="skin.string(extrafanartdelay, 30)">
				<param name="timeperimage" value="30000" />
			</include>
			<include content="fanartSpeed_multiimage" condition="skin.string(extrafanartdelay, 60)">
				<param name="timeperimage" value="60000" />
			</include>
			    
            <randomize>true</randomize>
            <loop>yes</loop>
        </control>
    </include>
	
	<!-- Skin Extra Fanart -->
	<!-- intentionall not as group 'extraFanartBackground' + 'Alt_NoSH_extraFanartBackground' -->
	<include name="Alt_NoSH_extraFanartBackground">
		<control type="fadelabel" id="99007">
			<!-- common visibility conditions -->
			<visible>Skin.HasSetting(EnableNativeExtraFanart)</visible>
			<visible>
                [Window.IsActive(Home) + [Control.HasFocus(77777) | ControlGroup(77777).HasFocus() | Window.IsActive(DialogVideoInfo.xml)]] |
                [Container.Content(Genres) + Skin.String(moviegenrefanart.path) + !String.IsEmpty(ListItem.label) + !String.IsEqual(ListItem.label,..)] | 
                [Container.Content(movies) | Container.Content(sets) | Container.Content(tvshows) | Container.Content(seasons) | Container.Content(episodes) | Container.Content(musicvideos) | Container.Content(albums) | Container.Content(songs) | Container.Content(artists)]
            </visible>
			<!-- additional visibility conditions -->
			<include condition="Window.IsMedia">disabledExtraFanart</include>
			<!-- common movie,show,artists -->
			<info>ListItem.Art(fanart)</info>
			<info>ListItem.Art(fanart1)</info>
			<info>ListItem.Art(fanart2)</info>
			<info>ListItem.Art(fanart3)</info>
			<info>ListItem.Art(fanart4)</info>
			<info>ListItem.Art(fanart5)</info>
			<info>ListItem.Art(fanart6)</info>
			<info>ListItem.Art(fanart7)</info>
			<info>ListItem.Art(fanart8)</info>
			<info>ListItem.Art(fanart9)</info>
			<info>ListItem.Art(fanart10)</info>
			<info>ListItem.Art(fanart11)</info>
			<info>ListItem.Art(fanart12)</info>
			<info>ListItem.Art(fanart13)</info>
			<info>ListItem.Art(fanart14)</info>
			<info>ListItem.Art(fanart15)</info>
			<info>ListItem.Art(fanart16)</info>
			<info>ListItem.Art(fanart17)</info>
			<info>ListItem.Art(fanart18)</info>
			<info>ListItem.Art(fanart19)</info>
			<info>ListItem.Art(fanart20)</info>
			
			<info>Container.ListItem.Art(fanart)</info>
			<info>Container.ListItem.Art(fanart1)</info>
			<info>Container.ListItem.Art(fanart2)</info>
			<info>Container.ListItem.Art(fanart3)</info>
			<info>Container.ListItem.Art(fanart4)</info>
			<info>Container.ListItem.Art(fanart5)</info>
			<info>Container.ListItem.Art(fanart6)</info>
			<info>Container.ListItem.Art(fanart7)</info>
			<info>Container.ListItem.Art(fanart8)</info>
			<info>Container.ListItem.Art(fanart9)</info>
			<info>Container.ListItem.Art(fanart10)</info>
			<info>Container.ListItem.Art(fanart11)</info>
			<info>Container.ListItem.Art(fanart12)</info>
			<info>Container.ListItem.Art(fanart13)</info>
			<info>Container.ListItem.Art(fanart14)</info>
			<info>Container.ListItem.Art(fanart15)</info>
			<info>Container.ListItem.Art(fanart16)</info>
			<info>Container.ListItem.Art(fanart17)</info>
			<info>Container.ListItem.Art(fanart18)</info>
			<info>Container.ListItem.Art(fanart19)</info>
			<info>Container.ListItem.Art(fanart20)</info>
			<!-- variabel - tvshow for seasons,episodes -->
			<info>Container.ListItem.Art(tvshow.fanart)</info>
			<info>Container.ListItem.Art(tvshow.fanart1)</info>
			<info>Container.ListItem.Art(tvshow.fanart2)</info>
			<info>Container.ListItem.Art(tvshow.fanart3)</info>
			<info>Container.ListItem.Art(tvshow.fanart4)</info>
			<info>Container.ListItem.Art(tvshow.fanart5)</info>
			<info>Container.ListItem.Art(tvshow.fanart6)</info>
			<info>Container.ListItem.Art(tvshow.fanart7)</info>
			<info>Container.ListItem.Art(tvshow.fanart8)</info>
			<info>Container.ListItem.Art(tvshow.fanart9)</info>
			<info>Container.ListItem.Art(tvshow.fanart10)</info>
			<info>Container.ListItem.Art(tvshow.fanart11)</info>
			<info>Container.ListItem.Art(tvshow.fanart12)</info>
			<info>Container.ListItem.Art(tvshow.fanart13)</info>
			<info>Container.ListItem.Art(tvshow.fanart14)</info>
			<info>Container.ListItem.Art(tvshow.fanart15)</info>
			<info>Container.ListItem.Art(tvshow.fanart16)</info>
			<info>Container.ListItem.Art(tvshow.fanart17)</info>
			<info>Container.ListItem.Art(tvshow.fanart18)</info>
			<info>Container.ListItem.Art(tvshow.fanart19)</info>
			<info>Container.ListItem.Art(tvshow.fanart20)</info>
			<!-- variabel - set -->
			<!-- <info>Container.ListItem.Art(set.fanart)</info>
			<info>Container.ListItem.Art(set.fanart1)</info>
			<info>Container.ListItem.Art(set.fanart2)</info>
			<info>Container.ListItem.Art(set.fanart3)</info>
			<info>Container.ListItem.Art(set.fanart4)</info>
			<info>Container.ListItem.Art(set.fanart5)</info>
			<info>Container.ListItem.Art(set.fanart6)</info>
			<info>Container.ListItem.Art(set.fanart7)</info>
			<info>Container.ListItem.Art(set.fanart8)</info>
			<info>Container.ListItem.Art(set.fanart9)</info>
			<info>Container.ListItem.Art(set.fanart10)</info>
			<info>Container.ListItem.Art(set.fanart11)</info>
			<info>Container.ListItem.Art(set.fanart12)</info>
			<info>Container.ListItem.Art(set.fanart13)</info>
			<info>Container.ListItem.Art(set.fanart14)</info>
			<info>Container.ListItem.Art(set.fanart15)</info>
			<info>Container.ListItem.Art(set.fanart16)</info>
			<info>Container.ListItem.Art(set.fanart17)</info>
			<info>Container.ListItem.Art(set.fanart18)</info>
			<info>Container.ListItem.Art(set.fanart19)</info>
			<info>Container.ListItem.Art(set.fanart20)</info> -->
			<!-- variabel - artistfanart for album , song, musicvideos -->
			<info>Container.ListItem.Art(artist.fanart)</info>
			<info>Container.ListItem.Art(artist.fanart1)</info>
			<info>Container.ListItem.Art(artist.fanart2)</info>
			<info>Container.ListItem.Art(artist.fanart3)</info>
			<info>Container.ListItem.Art(artist.fanart4)</info>
			<info>Container.ListItem.Art(artist.fanart5)</info>
			<info>Container.ListItem.Art(artist.fanart6)</info>
			<info>Container.ListItem.Art(artist.fanart7)</info>
			<info>Container.ListItem.Art(artist.fanart8)</info>
			<info>Container.ListItem.Art(artist.fanart9)</info>
			<info>Container.ListItem.Art(artist.fanart10)</info>
			<info>Container.ListItem.Art(artist.fanart11)</info>
			<info>Container.ListItem.Art(artist.fanart12)</info>
			<info>Container.ListItem.Art(artist.fanart13)</info>
			<info>Container.ListItem.Art(artist.fanart14)</info>
			<info>Container.ListItem.Art(artist.fanart15)</info>
			<info>Container.ListItem.Art(artist.fanart16)</info>
			<info>Container.ListItem.Art(artist.fanart17)</info>
			<info>Container.ListItem.Art(artist.fanart18)</info>
			<info>Container.ListItem.Art(artist.fanart19)</info>
			<info>Container.ListItem.Art(artist.fanart20)</info>
			<randomize>false</randomize>
			<pauseatend>7000</pauseatend>
			<scroll>false</scroll>
			<scrollout>false</scrollout>
		</control>
	</include>
	

    <include name="disabledFanart">
        <!-- disabled fanart per view check -->
        <visible>
            ![Control.IsVisible(10) + Skin.HasSetting(View10_DisableFanArt)] + 
            ![Control.IsVisible(50) + Skin.HasSetting(View50_DisableFanArt)] + 
            ![Control.IsVisible(51) + Skin.HasSetting(View51_DisableFanArt)] + 
            ![Control.IsVisible(52) + Skin.HasSetting(View52_DisableFanArt)] + 
            ![Control.IsVisible(53) + Skin.HasSetting(View53_DisableFanArt)] + 
            ![Control.IsVisible(54) + Skin.HasSetting(View54_DisableFanArt)] + 
            ![Control.IsVisible(55) + Skin.HasSetting(View55_DisableFanArt)] + 
            ![Control.IsVisible(56) + Skin.HasSetting(View56_DisableFanArt)] + 
            ![Control.IsVisible(57) + Skin.HasSetting(View57_DisableFanArt)] + 
            ![Control.IsVisible(58) + Skin.HasSetting(View58_DisableFanArt)] + 
            ![Control.IsVisible(59) + Skin.HasSetting(View59_DisableFanArt)] + 
            ![Control.IsVisible(501) + Skin.HasSetting(View501_DisableFanArt)] + 
            ![Control.IsVisible(502) + Skin.HasSetting(View502_DisableFanArt)] + 
            ![Control.IsVisible(503) + Skin.HasSetting(View503_DisableFanArt)] + 
            ![Control.IsVisible(504) + Skin.HasSetting(View504_DisableFanArt)] + 
            ![Control.IsVisible(505) + Skin.HasSetting(View505_DisableFanArt)] + 
            ![Control.IsVisible(506) + Skin.HasSetting(View506_DisableFanArt)] + 
            ![Control.IsVisible(508) + Skin.HasSetting(View508_DisableFanArt)] + 
            ![Control.IsVisible(509) + Skin.HasSetting(View509_DisableFanArt)] + 
            ![Window.IsMedia + Control.IsVisible(510) + Skin.HasSetting(View510_DisableFanArt)] + 
            ![Window.IsMedia + Control.IsVisible(511) + Skin.HasSetting(View511_DisableFanArt)] + 
            ![Control.IsVisible(512) + Skin.HasSetting(View512_DisableFanArt)] + 
            ![Control.IsVisible(513) + Skin.HasSetting(View513_DisableFanArt)] + 
            ![Control.IsVisible(514) + Skin.HasSetting(View514_DisableFanArt)] + 
            ![Control.IsVisible(515) + Skin.HasSetting(View515_DisableFanArt)] + 
            ![Control.IsVisible(516) + Skin.HasSetting(View516_DisableFanArt)] + 
            ![Control.IsVisible(517) + Skin.HasSetting(View517_DisableFanArt)] + 
            ![Control.IsVisible(518) + Skin.HasSetting(View518_DisableFanArt)] + 
            ![Control.IsVisible(519) + Skin.HasSetting(View519_DisableFanArt)] + 
            ![Window.IsMedia + Control.IsVisible(520) + Skin.HasSetting(View520_DisableFanArt)] + 
            ![Control.IsVisible(521) + Skin.HasSetting(View521_DisableFanArt)] + 
            ![Control.IsVisible(522) + Skin.HasSetting(View522_DisableFanArt)] + 
            ![Control.IsVisible(524) + Skin.HasSetting(View524_DisableFanArt)] + 
            ![Control.IsVisible(526) + Skin.HasSetting(View526_DisableFanArt)] +      
			![Control.IsVisible(528) + Skin.HasSetting(View528_DisableFanArt)]			
		</visible>
    </include>

    <include name="disabledExtraFanart">
        <!-- disabled fanart per view -->
        <visible>
            ![Control.IsVisible(10) + Skin.HasSetting(View10_DisableExtraFanArt)] + 
            ![Control.IsVisible(50) + Skin.HasSetting(View50_DisableExtraFanArt)] + 
            ![Control.IsVisible(51) + Skin.HasSetting(View51_DisableExtraFanArt)] + 
            ![Control.IsVisible(52) + Skin.HasSetting(View52_DisableExtraFanArt)] + 
            ![Control.IsVisible(53) + Skin.HasSetting(View53_DisableExtraFanArt)] + 
            ![Control.IsVisible(54) + Skin.HasSetting(View54_DisableExtraFanArt)] + 
            ![Control.IsVisible(55) + Skin.HasSetting(View55_DisableExtraFanArt)] + 
            ![Control.IsVisible(56) + Skin.HasSetting(View56_DisableExtraFanArt)] + 
            ![Control.IsVisible(57) + Skin.HasSetting(View57_DisableExtraFanArt)] + 
            ![Control.IsVisible(58) + Skin.HasSetting(View58_DisableExtraFanArt)] + 
            ![Control.IsVisible(59) + Skin.HasSetting(View59_DisableExtraFanArt)] + 
            ![Control.IsVisible(501) + Skin.HasSetting(View501_DisableExtraFanArt)] + 
            ![Control.IsVisible(502) + Skin.HasSetting(View502_DisableExtraFanArt)] + 
            ![Control.IsVisible(503) + Skin.HasSetting(View503_DisableExtraFanArt)] + 
            ![Control.IsVisible(504) + Skin.HasSetting(View504_DisableExtraFanArt)] + 
            ![Control.IsVisible(505) + Skin.HasSetting(View505_DisableExtraFanArt)] + 
            ![Control.IsVisible(506) + Skin.HasSetting(View506_DisableExtraFanArt)] + 
            ![Control.IsVisible(507) + Skin.HasSetting(View507_DisableExtraFanArt)] + 
            ![Control.IsVisible(508) + Skin.HasSetting(View508_DisableExtraFanArt)] + 
            ![Control.IsVisible(509) + Skin.HasSetting(View509_DisableExtraFanArt)] + 
            ![Window.IsMedia + Control.IsVisible(510) + Skin.HasSetting(View510_DisableExtraFanArt)] + 
            ![Window.IsMedia + Control.IsVisible(511) + Skin.HasSetting(View511_DisableExtraFanArt)] + 
            ![Control.IsVisible(512) + Skin.HasSetting(View512_DisableExtraFanArt)] + 
            ![Control.IsVisible(513) + Skin.HasSetting(View513_DisableExtraFanArt)] + 
            ![Control.IsVisible(514) + Skin.HasSetting(View514_DisableExtraFanArt)] + 
            ![Control.IsVisible(515) + Skin.HasSetting(View515_DisableExtraFanArt)] + 
            ![Control.IsVisible(516) + Skin.HasSetting(View516_DisableExtraFanArt)] + 
            ![Control.IsVisible(517) + Skin.HasSetting(View517_DisableExtraFanArt)] + 
            ![Control.IsVisible(518) + Skin.HasSetting(View518_DisableExtraFanArt)] + 
            ![Control.IsVisible(519) + Skin.HasSetting(View519_DisableExtraFanArt)] + 
            ![Window.IsMedia + Control.IsVisible(520) + Skin.HasSetting(View520_DisableExtraFanArt)] + 
            ![Control.IsVisible(521) + Skin.HasSetting(View521_DisableExtraFanArt)] + 
            ![Control.IsVisible(522) + Skin.HasSetting(View522_DisableExtraFanArt)] + 
            ![Control.IsVisible(523) + Skin.HasSetting(View523_DisableExtraFanArt)] + 
			![Control.IsVisible(525) + Skin.HasSetting(View525_DisableExtraFanArt)] + 
            ![Control.IsVisible(524) + Skin.HasSetting(View524_DisableExtraFanArt)] +
            ![Control.IsVisible(526) + Skin.HasSetting(View526_DisableExtraFanArt)] +
            ![Control.IsVisible(528) + Skin.HasSetting(View528_DisableExtraFanArt)]
        </visible>
    </include>

    <variable name="fanartBackground">
        
        <!-- extendedinfo -->
        <value condition="[Window.IsActive(script-ExtendedInfo Script-DialogVideoInfo.xml) | Window.IsActive(script-ExtendedInfo Script-DialogInfo.xml)]">$VAR[fanartBackground_extendedinfo]</value>
        <!--nextaired script backgrounds -->
        <value condition="[Window.IsActive(script-NextAired-TVGuide.xml) | Window.IsActive(script-NextAired-TVGuide2.xml)]">$VAR[fanartBackground_nextaired]</value>
       
        <!-- genre fanart -->
        <value condition="Container.Content(Genres) + String.Contains(Skin.String(moviegenrefanart.path),script.skin.helper) + !String.IsEmpty(ListItem.label) + !String.IsEqual(ListItem.label,..)">http://localhost:52307/getmoviegenreimagesrandom&amp;title=$INFO[Listitem.Label]&amp;type=fanart.0</value>
        <value condition="Container.Content(Genres) + Skin.String(moviegenrefanart.path) + !String.IsEmpty(ListItem.label) + !String.IsEqual(ListItem.label,..)">$INFO[Skin.String(moviegenrefanartpath)]/$INFO[ListItem.Label].jpg</value>
		
		<!-- normal fanart backgrounds -->
        <value condition="!String.IsEmpty(ListItem.PicturePath)">$INFO[ListItem.PicturePath]</value>
        <value condition="!String.IsEmpty(ListItem.Art(fanart))">$INFO[ListItem.Art(fanart)]</value>
        <value condition="!String.IsEmpty(Container.ListItem.Art(fanart))">$INFO[Container.ListItem.Art(fanart)]</value>
        <value condition="!String.IsEmpty(Container.Art(tvshow.fanart))">$INFO[Container.Art(tvshow.fanart)]</value>
        <value condition="!String.IsEmpty(Container.Art(artist.fanart))">$INFO[Container.Art(artist.fanart)]</value>
        <value condition="!String.IsEmpty(Container.Art(albumartist.fanart))">$INFO[Container.Art(albumartist.fanart)]</value>
        <value condition="!String.IsEmpty(ListItem.Art(snap))">$INFO[ListItem.Art(snap)]</value><!-- Gamemode use snap if fanart not available -->

        <!-- HOME widgets on focus-->
        <value condition="Window.IsActive(Home) + [Control.HasFocus(1508) | Control.HasFocus(77777) | ControlGroup(77777).HasFocus() | ControlGroup(505).HasFocus()] + !String.IsEmpty(Window(Home).Property(ListItem.Art.fanart))">$INFO[Window(Home).Property(ListItem.Art.fanart)]</value>
        <value condition="Window.IsActive(Home) + [Control.HasFocus(1508) | Control.HasFocus(77777) | ControlGroup(77777).HasFocus() | ControlGroup(505).HasFocus()] + !String.IsEmpty(Window(Home).Property(SkinHelper.ListItem.Art.fanart))">$INFO[Window(Home).Property(SkinHelper.ListItem.Art.fanart)]</value>

        <!-- widget fanart as shortcut background -->
        <value condition="Window.IsActive(Home) + String.Contains(Container(300).ListItem.Property(Background),widgetfanart) + !String.IsEmpty(Window(Home).Property(SkinHelper.ListItem.Art.fanart))">$INFO[Window(Home).Property(SkinHelper.ListItem.Art.fanart)]</value>

        <!-- skinhelper provided art in media windows-->
        <value condition="!String.IsEmpty(Window(home).Property(SkinHelper.ListItem.Art.Fanart)) + !Window.IsActive(Home)">$INFO[Window(home).Property(SkinHelper.ListItem.Art.Fanart)]</value>
    </variable>
    <variable name="fanartBackground_extendedinfo">
        <value condition="!String.IsEmpty(Window.Property(movie.FanArt))">$INFO[Window.Property(movie.FanArt)]</value>
        <value condition="!String.IsEmpty(Window(Home).Property(fanart))">$INFO[Window(home).Property(fanart)]</value>
        <value condition="!String.IsEmpty(Window.Property(actor.fanart))">$INFO[Window.Property(actor.fanart)]</value>
        <value condition="!String.IsEmpty(Window.Property(fanart))">$INFO[Window.Property(fanart)]</value>
        <value condition="!String.IsEmpty(Container(750).ListItem.Property(Original))">$INFO[Container(750).ListItem.Property(Original)]</value>
        <value condition="!String.IsEmpty(Window.Property(actor.thumb))">$INFO[Window.Property(actor.thumb)]</value>
        <value condition="!String.IsEmpty(Window.Property(thumb))">$INFO[Window.Property(thumb)]</value>
        <value condition="!String.IsEmpty(Container(500).ListItem.Property(Fanart_small))">$INFO[Container(500).ListItem.Property(Fanart_small)]</value>
        <value condition="!String.IsEmpty(Window.Property(movie.FanArt))">$INFO[Window.Property(movie.FanArt)]</value>
        <value condition="!String.IsEmpty(Window(Home).Property(fanart))">$INFO[Window(home).Property(fanart)]</value>
        <value condition="!String.IsEmpty(Window.Property(actor.fanart))">$INFO[Window.Property(actor.fanart)]</value>
        <value condition="!String.IsEmpty(Window.Property(fanart))">$INFO[Window.Property(fanart)]</value>
        <value condition="!String.IsEmpty(Container(750).ListItem.Property(Original))">$INFO[Container(750).ListItem.Property(Original)]</value>
        <value condition="!String.IsEmpty(Window.Property(actor.thumb))">$INFO[Window.Property(actor.thumb)]</value>
        <value condition="!String.IsEmpty(Window.Property(thumb))">$INFO[Window.Property(thumb)]</value>
        <value condition="!String.IsEmpty(Container(500).ListItem.Property(Fanart_small))">$INFO[Container(500).ListItem.Property(Fanart_small)]</value>
    </variable>
    <variable name="fanartBackground_nextaired">
        <value condition="Control.IsVisible(200) + !String.IsEmpty(Container(200).ListItem.Property(Fanart))">$INFO[Container(200).ListItem.Property(Fanart)]</value>
        <value condition="Control.IsVisible(201) + !String.IsEmpty(Container(201).ListItem.Property(Fanart))">$INFO[Container(201).ListItem.Property(Fanart)]</value>
        <value condition="Control.IsVisible(202) + !String.IsEmpty(Container(202).ListItem.Property(Fanart))">$INFO[Container(202).ListItem.Property(Fanart)]</value>
        <value condition="Control.IsVisible(203) + !String.IsEmpty(Container(203).ListItem.Property(Fanart))">$INFO[Container(203).ListItem.Property(Fanart)]</value>
        <value condition="Control.IsVisible(204) + !String.IsEmpty(Container(204).ListItem.Property(Fanart))">$INFO[Container(204).ListItem.Property(Fanart)]</value>
        <value condition="Control.IsVisible(205) + !String.IsEmpty(Container(205).ListItem.Property(Fanart))">$INFO[Container(205).ListItem.Property(Fanart)]</value>
        <value condition="Control.IsVisible(206) + !String.IsEmpty(Container(206).ListItem.Property(Fanart))">$INFO[Container(206).ListItem.Property(Fanart)]</value>
        <value condition="Control.IsVisible(207) + !String.IsEmpty(Container(207).ListItem.Property(Fanart))">$INFO[Container(207).ListItem.Property(Fanart)]</value>
        <value condition="Control.IsVisible(208) + !String.IsEmpty(Container(208).ListItem.Property(Fanart))">$INFO[Container(208).ListItem.Property(Fanart)]</value>
        <value condition="Control.IsVisible(209) + !String.IsEmpty(Container(209).ListItem.Property(Fanart))">$INFO[Container(209).ListItem.Property(Fanart)]</value>
        <value condition="Control.IsVisible(210) + !String.IsEmpty(Container(210).ListItem.Property(Fanart))">$INFO[Container(210).ListItem.Property(Fanart)]</value>
        <value condition="Control.IsVisible(211) + !String.IsEmpty(Container(211).ListItem.Property(Fanart))">$INFO[Container(211).ListItem.Property(Fanart)]</value>
        <value condition="Control.IsVisible(212) + !String.IsEmpty(Container(212).ListItem.Property(Fanart))">$INFO[Container(212).ListItem.Property(Fanart)]</value>
        <value condition="Control.IsVisible(213) + !String.IsEmpty(Container(213).ListItem.Property(Fanart))">$INFO[Container(213).ListItem.Property(Fanart)]</value>
        <value condition="Control.IsVisible(214) + !String.IsEmpty(Container(214).ListItem.Property(Fanart))">$INFO[Container(214).ListItem.Property(Fanart)]</value>
        <value condition="Control.IsVisible(215) + !String.IsEmpty(Container(215).ListItem.Property(Fanart))">$INFO[Container(215).ListItem.Property(Fanart)]</value>
    </variable>
        
    <variable name="backgroundVar">
		<!-- SETTINGS -->
		<value condition="Window.IsActive(Settings)">$INFO[Container(9000).ListItem.ActualIcon]</value>
        <value condition="[Window.IsActive(LoginScreen.xml) | Window.IsActive(StartUp.xml)] + Skin.String(LoginBackground)">$INFO[Skin.String(LoginBackground)]</value>
        <!-- ANIMATED FANART -->
        <value condition="!String.IsEmpty(ListItem.Art(animatedfanart)) + Skin.HasSetting(AnimatedFanart)">$INFO[ListItem.Art(animatedfanart)]</value>
       
		<!-- NATIVE EXTRAFANART -->
		<value condition="Control.IsVisible(99007)">$INFO[Control.GetLabel(99007)]</value>
		<!-- SKINHELPER EXTRAFANART background -->
        <value condition="Control.IsVisible(99005) + !String.IsEmpty(Control.GetLabel(99005))">$INFO[Control.GetLabel(99005)]</value>
        <!-- normal fanart background -->
        <value condition="Control.IsVisible(99006) + !String.IsEmpty(Control.GetLabel(99006))">$INFO[Control.GetLabel(99006)]</value>
        <!-- conditional background override -->
        <value condition="!String.IsEmpty(Window(home).Property(SkinHelper.ConditionalBackground))">$INFO[Window(home).Property(SkinHelper.ConditionalBackground)]</value>
        <!-- weather fanart -->
        <value condition="Window.IsActive(MyWeather.xml)">$INFO[Skin.String(WeatherFanArtPack.path)]$INFO[Window(Weather).Property(Current.fanartCode)]$INFO[Skin.String(WeatherFanArtPack.ext)]</value>	
		<!-- section backgrounds when home active -->
        <value condition="Skin.HasSetting(UseSectionBackground) + !String.IsEmpty(Container(4444).ListItem.Property(Background)) + Control.HasFocus(4444)">$INFO[Container(4444).ListItem.Property(Background)]</value>
        <value condition="Skin.HasSetting(UseSectionBackground) + !String.IsEmpty(Container(300).ListItem.Property(Background)) + !String.Contains(Container(300).ListItem.Property(Background),widgetfanart)">$INFO[Container(300).ListItem.Property(Background)]</value>

        <!-- section background when home not active -->
        <value condition="Skin.HasSetting(UseSectionBackground) + !String.IsEmpty(Window(home).Property(SectionBackground)) + !Window.IsActive(script-skinshortcuts.xml) + !Window.IsActive(home)">$INFO[Window(home).Property(SectionBackground)]</value>

        <!-- global background -->
        <value condition="String.Contains(Skin.String(CustomBackgroundSetting),VAR)">$VAR[CustomBackgroundSetting]</value>
        <value condition="Skin.String(CustomBackgroundSetting)">$INFO[Skin.String(CustomBackgroundSetting)]</value>
    </variable>

    <variable name="extraFanartBackground">
        <!-- native extra fanart backgrounds -->
		<value condition="Control.IsVisible(99007)">$INFO[Control.GetLabel(99007)]</value>					 
        <!-- genre fanart -->
        <value condition="Container.Content(Genres) + Skin.String(moviegenrefanart.path) + !String.IsEmpty(ListItem.label) + !String.IsEqual(ListItem.label,..)">$INFO[Skin.String(moviegenrefanart.path)]$INFO[ListItem.Label].jpg</value>
        <!-- skinhelper  extrafanart -->
        <value condition="Skin.HasSetting(SkinHelper.EnableExtraFanart) + !String.IsEmpty(Window(Home).Property(SkinHelper.ListItem.Art.ExtraFanArt))">$INFO[Window(Home).Property(SkinHelper.ListItem.Art.ExtraFanArt)]</value>
        <value>colors/color_black.png</value>
    </variable>
    
    <variable name="netflixThumb">
    	<!-- game assets 5590 -->
		<value condition="$EXP[InGameMode] + Control.IsVisible(5590) + Control.IsVisible(523)">$INFO[Container(5590).ListItem.Thumb]</value>
		<!-- animated fanart background -->
        <value condition="!String.IsEmpty(ListItem.Art(animatedfanart)) + Skin.HasSetting(AnimatedFanart)">$INFO[ListItem.Art(animatedfanart)]</value>
        <!-- native 	extrafanart backgrounds -->
		<value condition="Control.IsVisible(99007)">$INFO[Control.GetLabel(99007)]</value>					 
		<!-- skinhelper	extrafanart background -->
        <value condition="Control.IsVisible(99005) + !String.IsEmpty(Control.GetLabel(99005))">$INFO[Control.GetLabel(99005)]</value>
        <!-- normal fanart background -->
        <value condition="Control.IsVisible(99006) + !String.IsEmpty(Control.GetLabel(99006))">$INFO[Control.GetLabel(99006)]</value>
		<!-- temp workaraound for spotlight image -->
		 
        <value condition="!String.IsEmpty(Window(Home).Property(ListItem.Art.fanart))">$INFO[Window(Home).Property(ListItem.Art.fanart)]</value>
        <value condition="!String.IsEmpty(Window(Home).Property(ListItem.Art.tvshow.fanart))">$INFO[Window(Home).Property(ListItem.Art.tvshow.fanart)]</value>
        <value condition="!String.IsEmpty(Window(Home).Property(ListItem.Art.Thumb))">$INFO[Window(Home).Property(ListItem.Art.Thumb)]</value>
        
        
        
        <value condition="!String.IsEmpty(Window(Home).Property(SkinHelper.ListItem.Art.fanart))">$INFO[Window(Home).Property(SkinHelper.ListItem.Art.fanart)]</value>
        <value condition="!String.IsEmpty(Window(Home).Property(SkinHelper.ListItem.Art.tvshow.fanart))">$INFO[Window(Home).Property(SkinHelper.ListItem.Art.tvshow.fanart)]</value>
        
        <value condition="!String.IsEmpty(Window(Home).Property(ListItem.Icon))">resource://resource.images.skinbackgrounds.titanium/hover_my videos.jpg</value>

    </variable>
   

</includes>