<?xml version="1.0" encoding="UTF-8" standalone="yes"?>
<addon id="script.module.metadatautils"
       name="Metadata and Artwork module"
       version="1.20.3"
       provider-name="marcelveldt and others">
    <requires>
		<import addon="xbmc.python" version="3.0.0"/>
        <import addon="script.module.requests" version="2.9.1"/>
        <import addon="script.module.beautifulsoup4" version="4.9.3" />
        <import addon="script.module.thetvdb" version="1.0.34" />
        <import addon="script.module.musicbrainz" version="0.7.0"/>
        <import addon="script.module.simplecache" version="2.0.2"/>
        <import addon="script.module.arrow" version="0.15.5"/>
        <import addon="script.module.infotagger" version="0.0.4" />
    </requires>
    <extension point="xbmc.python.module" library="lib" />
    <extension point="xbmc.addon.metadata">
        <summary lang="en">Metadata and artwork from common sources like TMDB, IMDB, TADB, OMDB and fanart.tv </summary>
		<summary lang="es">Metadatos e ilustraciones de fuentes comunes como TMDB, IMDB, TADB, OMDB y fanart.tv </summary>
        <description lang="en">The metadata and artwork module for Kodi provides rich metadata, including artwork for various metatypes by scraping (and caching) this information from sites like TMDB, musicbrainz and fanart.tv. This product uses the TMDb API but is not endorsed or certified by TMDb.</description>
		<description lang="es">El módulo de metadatos e ilustraciones para Kodi proporciona metadatos enriquecidos, que incluyen ilustraciones paravarios metatipos al raspar (y almacenar en caché) esta información se extrae de sitios como TMDB, musicbrainz and fanart.tv.[CR][CR]Este producto utiliza la API de TMDb pero no está avalado ni certificado por TMDb</description>
        <news>
v1.20.0
- Nexus version

        </news>
        <license>Apache 2.0</license>
        <forum>https://forum.kodi.tv/showthread.php?tid=350315</forum>
        <source>https://github.com/kodi-community-addons/script.module.metadatautils</source>
        <platform>all</platform>
		<assets>
			<icon>resources/icon.png</icon>
			<fanart>resources/fanart.jpg</fanart>
			<screenshot>resources/screenshot-01.jpg</screenshot>
			<screenshot>resources/screenshot-02.jpg</screenshot>
			<screenshot>resources/screenshot-03.jpg</screenshot>
			<screenshot>resources/screenshot-04.jpg</screenshot>
			<screenshot>resources/screenshot-05.jpg</screenshot>
		</assets>
    </extension>
</addon>