<?xml version="1.0" encoding="utf-8"?>
<window type="dialog" id="1120">
	<onload>Dialog.Close(fullscreeninfo,true)</onload>
	<visible>!Window.IsVisible(VideoOSD.xml) + !Window.IsVisible(DialogPVRChannelsOSD.xml) + !Window.IsVisible(DialogPVRChannelGuide.xml) + !Window.IsVisible(DialogFullScreenInfo.xml)</visible>
	<controls>
		 <control type="group">
     			<animation type="WindowOpen" reversible="false">
				<effect type="slide" start="0,-400" end="0,0" tween="cubic" easing="out" time="500" />
			</animation>
			<animation type="WindowClose" reversible="false">
				<effect type="slide" start="0,0" end="0,-400" tween="cubic" easing="out" time="500" />
			</animation>
		<visible>!Window.IsVisible(videoosd) + Window.IsVisible(fullscreenvideo) + VideoPlayer.HasEpg + [String.IsEqual(PVR.EpgEventElapsedTime,00:20) | String.IsEqual(PVR.EpgEventElapsedTime,00:19) | String.IsEqual(PVR.EpgEventElapsedTime,00:18) | String.IsEqual(PVR.EpgEventElapsedTime,00:17) | String.IsEqual(PVR.EpgEventElapsedTime,00:16) | String.IsEqual(PVR.EpgEventElapsedTime,00:15) | String.IsEqual(PVR.EpgEventElapsedTime,00:14) | String.IsEqual(PVR.EpgEventElapsedTime,00:13) | String.IsEqual(PVR.EpgEventElapsedTime,00:12) | String.IsEqual(PVR.EpgEventElapsedTime,00:11) | String.IsEqual(PVR.EpgEventElapsedTime,00:10) | String.IsEqual(PVR.EpgEventElapsedTime,00:09) | String.IsEqual(PVR.EpgEventElapsedTime,00:08) | String.IsEqual(PVR.EpgEventElapsedTime,00:07) | String.IsEqual(PVR.EpgEventElapsedTime,00:06) | String.IsEqual(PVR.EpgEventElapsedTime,00:05) | String.IsEqual(PVR.EpgEventElapsedTime,00:04) | String.IsEqual(PVR.EpgEventElapsedTime,00:03) | String.IsEqual(PVR.EpgEventElapsedTime,00:02) | String.IsEqual(PVR.EpgEventElapsedTime,00:01)]</visible>
		<visible>VideoPlayer.Content(livetv) + Skin.HasSetting(pvr_nextup)</visible>
		<control type="image">
				<posx>0</posx>
				<posy>0</posy>
				<width>100%</width>
				<height>130</height>
				<texture border="5">diffuse/panel.png</texture>
				<colordiffuse>$INFO[Skin.String(GeneralPanelsColor)]</colordiffuse>
		</control>
            <control type="group">
				<posx>40</posx>
				<posy>10</posy>
                <control type="image" id="400">
                    <description>Icon</description>
                    <posx>0</posx>
                    <posy>5</posy>
                    <width>178</width>
                    <height>100</height>
                    <aspectratio>keep</aspectratio>
                    <texture>$VAR[Next_PvrImage]</texture>
                </control>
				<control type="label" id="401">
                    <description>Line 1</description>
                    <posx>215</posx>
                    <posy>-5</posy>
                    <width>1500</width>
                    <height>50</height>
                    <font>Bold38</font>
					<label>[B]$LOCALIZE[31040]: [/B]$INFO[VideoPlayer.Title]</label>
					<textcolor>$INFO[Skin.String(GeneralHighlightTextColor)]</textcolor>
                    <scroll>false</scroll>
                </control>
                <control type="label" id="402">
                    <description>Line 2</description>
                    <posx>215</posx>
                    <posy>55</posy>
                    <width>1500</width>
                    <height>40</height>
                    <font>Reg30</font>
					<wrapmultiline>true</wrapmultiline>
					<label>[B]$INFO[VideoPlayer.EpisodeName][/B]</label>
                    <textcolor>$INFO[Skin.String(GeneralTextColor)]</textcolor>
					<shadowcolor>black</shadowcolor>
                    <scroll>false</scroll>
                </control>
	      </control>
		</control>
		
		<control type="group">
     			<animation type="WindowOpen" reversible="false">
				<effect type="slide" start="0,-400" end="0,0" tween="cubic" easing="out" time="500" />
			</animation>
			<animation type="WindowClose" reversible="false">
				<effect type="slide" start="0,0" end="0,-400" tween="cubic" easing="out" time="500" />
			</animation>
		<visible>!Window.IsVisible(videoosd) + Window.IsVisible(fullscreenvideo) + VideoPlayer.HasEpg + [String.IsEqual(PVR.EpgEventRemainingTime,00:15) | String.IsEqual(PVR.EpgEventRemainingTime,00:14) | String.IsEqual(PVR.EpgEventRemainingTime,00:13) | String.IsEqual(PVR.EpgEventRemainingTime,00:12) | String.IsEqual(PVR.EpgEventRemainingTime,00:11) | String.IsEqual(PVR.EpgEventRemainingTime,00:10) | String.IsEqual(PVR.EpgEventRemainingTime,00:09) | String.IsEqual(PVR.EpgEventRemainingTime,00:08) | String.IsEqual(PVR.EpgEventRemainingTime,00:07) | String.IsEqual(PVR.EpgEventRemainingTime,00:06) | String.IsEqual(PVR.EpgEventRemainingTime,00:05) | String.IsEqual(PVR.EpgEventRemainingTime,00:04) | String.IsEqual(PVR.EpgEventRemainingTime,00:03) | String.IsEqual(PVR.EpgEventRemainingTime,00:02) | String.IsEqual(PVR.EpgEventRemainingTime,00:01)]</visible>
		<visible>VideoPlayer.Content(livetv) + Skin.HasSetting(pvr_nextup)</visible>
		<control type="image">
				<posx>0</posx>
				<posy>0</posy>
				<width>100%</width>
				<height>130</height>
				<texture border="5">diffuse/panel.png</texture>
				<colordiffuse>$INFO[Skin.String(GeneralPanelsColor)]</colordiffuse>
		</control>
            <control type="group">
				<posx>40</posx>
				<posy>10</posy>
                <control type="image" id="400">
                    <description>Icon</description>
                    <posx>0</posx>
                    <posy>5</posy>
                    <width>178</width>
                    <height>100</height>
                    <aspectratio>keep</aspectratio>
                    <texture>$INFO[Player.Icon]</texture>
                </control>
				<control type="label" id="401">
                    <description>Line 1</description>
                    <posx>215</posx>
                    <posy>0</posy>
                    <width>1500</width>
                    <height>50</height>
                    <font>Bold38</font>
					<label>[B]$LOCALIZE[19031]:[/B]</label>
					<textcolor>$INFO[Skin.String(GeneralHighlightTextColor)]</textcolor>
                    <scroll>false</scroll>
                </control>
                <control type="label" id="402">
                    <description>Line 2</description>
                    <posx>215</posx>
                    <posy>50</posy>
                    <width>1500</width>
                    <height>50</height>
                    <font>Reg30</font>
					<label>[B]$INFO[VideoPlayer.NextTitle][/B]</label>
                    <textcolor>$INFO[Skin.String(GeneralTextColor)]</textcolor>
					<shadowcolor>black</shadowcolor>
                    <scroll>false</scroll>
                </control>
				<control type="group">
					 <top>10</top>
					 <right>40</right>
                     <height>64</height>
                     <width>64</width>
                    <control type="image">
                        <height>64</height>
                        <width>64</width>
                        <aspectratio scalediffuse="false">keep</aspectratio>
                        <texture colordiffuse="ddffffff">$INFO[PVR.EpgEventRemainingTime(ss),nextupicons/,.png]</texture>
					</control>
					<control type="textbox">
						<top>64</top>
						<right>-10</right>
						<width>75</width>
						<height>30</height>
						<font>font12</font>
						<textcolor>white</textcolor>
						<align>center</align>
						<label>$INFO[PVR.EpgEventRemainingTime(ss)]s</label>
					</control>				
               </control>
	      </control>
		</control>
	</controls>
</window>