<?xml version="1.0" encoding="UTF-8"?>
<window>
    
    
    <controls>
        <control type="group">
            <centertop>50%</centertop>
			<centerleft>50%</centerleft>
			<height>870</height>
			<width>1520</width>
			<control type="image">
				<height>870</height>
				<width>1520</width>
				<bottom>0</bottom>
				<texture border="15">diffuse/bgpanel.png</texture>
				<colordiffuse>$INFO[Skin.String(DialogFrameColor)]</colordiffuse>
			</control>
			<control type="image">
				<height>870</height>
				<width>1520</width>
				<bottom>0</bottom>
				<texture border="15">diffuse/bgpanel.png</texture>
				<colordiffuse>$INFO[Skin.String(SideBladePanelColor)]</colordiffuse>
				<bordersize>10</bordersize>
			</control>

            <control type="image">
                <top>150</top>
                <left>60</left>
                <width>400</width>
                <height>600</height>
                <align>center</align>
                <aspectratio>scale</aspectratio>
                <texture fallback="DefaultVideo.png" background="true">$VAR[VideoVersionPoster]</texture>
            </control>
			<control type="label" id="2">
                        <width>1520</width>
                        <height>80</height>
                        <top>10</top>
                        <align>center</align>
                        <aligny>center</aligny>
                        <font>Bold32</font>
                        <label>$LOCALIZE[40022]</label>
                    </control>

            <control type="group"  id="100">
                  <top>90</top>
                  <left>500</left>
                  <width>680</width>
                  <height>720</height>
                <control type="group">
                    <height>500</height>
                    <control type="image">
                        <left>-40</left>
                        <width>680</width>
                        <height>90</height>
                        <texture border="21">diffuse/bgpanel.png</texture>
						<colordiffuse>$INFO[Skin.String(SideBladePanelColor)]</colordiffuse>
                    </control>
                    
                    <control type="image">
                        <top>70</top>
                        <left>0</left>
                        <width>680</width>
                        <height>500</height>
                        <texture border="21">diffuse/bgpanel.png</texture>
						<colordiffuse>black</colordiffuse>
                    </control>
                    <control type="list" id="50">
                        <description>version list</description>
                        <top>100</top>
                        <height>240</height>
                        <onup>50</onup>
						<onleft>50</onleft>
						<onright>101</onright>
						<ondown>30</ondown>
                        
                        <scrolltime>200</scrolltime>
                        
                        
						
					<itemlayout height="60">
                            <control type="image">
                                <posx>0</posx>
                                <posy>1</posy>
                                <width>690</width>
                                <height>60</height>
                                <texture>dialogs/default/separator.png</texture>
                            </control>
                            <control type="label">
                                <posx>20</posx>
                                <width>596</width>
                                <height>60</height>
                                <info>ListItem.Label</info>
                                <include>DialogListNF</include>
                                <scroll>false</scroll>
                            </control>
							
							
                           
                        </itemlayout>
                        <focusedlayout height="80">
                            <control type="group">
                                <visible>!Control.HasFocus(50)</visible>
                                <control type="image">
                                    <posx>0</posx>
                                    <posy>1</posy>
                                    <width>690</width>
                                    <height>80</height>
                                    <texture>dialogs/default/separator.png</texture>
                                </control>
                                <control type="label">
                                    <posx>20</posx>
                                    <width>596</width>
                                    <height>80</height>
                                    <info>ListItem.Label</info>
                                    <include>DialogListNF</include>
                                    <scroll>false</scroll>
                                </control>
								
								
                               
                            </control>
                            <control type="group">
                                <visible>Control.HasFocus(50)</visible>
                                <control type="image">
                                    <width>690</width>
                                    <height>80</height>
                                    <texture border="5">diffuse/panel.png</texture>
									<colordiffuse>$INFO[Skin.String(ButtonFocusColor)]</colordiffuse>
                                </control>
                                <control type="label">
                                    <posx>20</posx>
                                    <width>596</width>
                                    <height>80</height>
                                    <label>[B]$INFO[ListItem.Label][/B]$VAR[ListItemDuration,[CR]Dauer: ]</label>
                                    <include>DialogListFO</include>
                                    <scroll>false</scroll>
                                </control>
								
								
                                
                            </control>
                            <control type="image">
                                <posx>630</posx>
								<posy>10</posy>
                                <width>40</width>
                                <height>40</height>
                                <texture>common/checkbox.png</texture>
								<colordiffuse>$INFO[Skin.String(GeneralTextColor)]</colordiffuse>
                                
                            </control>
                        </focusedlayout>
                    </control>
                </control>
                
            </control>
            <control type="grouplist" id="101">
                <left>1200</left>
                <top>160</top>
                <width>300</width>
                <height>800</height>
                <onleft>100</onleft>
                <onright>100</onright>
                <itemgap>0</itemgap>
                
                <scrolltime tween="quadratic">200</scrolltime>
                
				<control type="button" id="21">
                  <right>0</right>
                  <description>Play</description>
                  <label>$LOCALIZE[208]</label>
                  <width>280</width>
                  <include>DialogButton</include>
                  <height>60</height>
				  <align>left</align>
                  <textoffsetx>20</textoffsetx>
                  <texturenofocus>dialogs/default/separator.png</texturenofocus>
                  <visible>true</visible>
				</control>

				
                
				
				<control type="button" id="22">
                  <right>0</right>
                  <description>add version</description>
                  <label>$LOCALIZE[40014]</label>
                  <width>280</width>
                  <include>DialogButton</include>
                  <height>60</height>
                  <align>left</align>
                  <textoffsetx>20</textoffsetx>
                  <texturenofocus>dialogs/default/separator.png</texturenofocus>
                  <visible>Window.IsActive(managevideoversions)</visible>
				</control>				
				
				
				<control type="button" id="23">
                  <right>0</right>
                  <description>add extras</description>
                  <label>$LOCALIZE[40015]</label>
                  <width>280</width>
                  <include>DialogButton</include>
                  <height>60</height>
                  <align>left</align>
                  <textoffsetx>20</textoffsetx>
                  <texturenofocus>dialogs/default/separator.png</texturenofocus>
                  <visible>Window.IsActive(managevideoextras)</visible>
				</control>				
				
				
				<control type="button" id="24">
                  <right>0</right>
                  <description>rename</description>
                  <label>$LOCALIZE[40004]</label>
                  <width>280</width>
                  <include>DialogButton</include>
                  <height>60</height>
                  <align>left</align>
                  <textoffsetx>20</textoffsetx>
                  <texturenofocus>dialogs/default/separator.png</texturenofocus>
                  <visible>Window.IsVisible(managevideoversions)</visible>
				</control>			
				
				
				<control type="button" id="25">
                  <right>0</right>
                  <description>set default</description>
                  <label>$LOCALIZE[40023]</label>
                  <width>280</width>
                  <include>DialogButton</include>
                  <height>60</height>
                  <align>left</align>
                  <textoffsetx>20</textoffsetx>
                  <texturenofocus>dialogs/default/separator.png</texturenofocus>
                  <visible>Window.IsActive(managevideoversions)</visible>
				</control>
				

				
				<control type="button" id="26">
                  <right>0</right>
                  <description>remove</description>
                  <label>$LOCALIZE[15015]</label>
                  <width>280</width>
                  <include>DialogButton</include>
                  <height>60</height>
                  <align>left</align>
                  <textoffsetx>20</textoffsetx>
                  <texturenofocus>dialogs/default/separator.png</texturenofocus>
                  <visible>true</visible>
				</control>
				
				
				<control type="button" id="27">
                  <right>0</right>
                  <description>grafik</description>
                  <label>$LOCALIZE[13511]</label>
                  <width>280</width>
                  <include>DialogButton</include>
                  <height>60</height>
                  <align>left</align>
                  <textoffsetx>20</textoffsetx>
                  <texturenofocus>dialogs/default/separator.png</texturenofocus>
                  <visible>true</visible>
				</control>
				
				
				<control type="button" id="28">
                  <right>0</right>
                  <description>add version</description>
                  <label>$LOCALIZE[118]</label>
                  <width>280</width>
                  <include>DialogButton</include>
                  <height>60</height>
                  <align>left</align>
                  <textoffsetx>20</textoffsetx>
                  <texturenofocus>dialogs/default/separator.png</texturenofocus>
                  <visible>Window.IsVisible(managevideoextras)</visible>
				</control>				
				
				
				<control type="button" id="30">
                  <right>0</right>
                  <description>close</description>
                  <label>Schließen</label>
                  <width>280</width>
                  <include>DialogButton</include>
                  <height>60</height>
                  <align>left</align>
                  <textoffsetx>20</textoffsetx>
                  <texturenofocus>dialogs/default/separator.png</texturenofocus>
                  <visible>true</visible>
				  <onclick>Dialog.Close(managevideoversions)</onclick>
				  <onclick>Dialog.Close(managevideoextras)</onclick>
				</control>
				
            </control>
			
			<control type="group">
				
				<visible>Control.HasFocus(50)</visible>	
				<align>left</align>
                <top>780</top>
                <left>24</left>
                <right>24</right>
                <height>44</height>
				<include>mediaflags_text</include>
				<visible>!String.IsEmpty(Window(Home).Property(ListItem.VideoAspect)) | !String.IsEmpty(ListItem.VideoAspect)</visible>
				
			</control>
			
            <control type="label">
                <align>left</align>
                <top>810</top>
                <left>24</left>
                <right>24</right>
                <height>44</height>
                <scroll>true</scroll>
                <font>Reg24</font>
                <haspath>false</haspath>
                <label>$VAR[VideoVersionFileVar]</label>
                <visible>Control.HasFocus(50)</visible>
                <animation effect="fade" start="0" end="100" time="300" delay="300">WindowOpen</animation>
                <animation effect="fade" start="100" end="0" time="200">WindowClose</animation>
                <animation effect="fade" start="0" end="100" time="300">Visible</animation>
                <animation effect="fade" start="100" end="0" time="200">Hidden</animation>
            </control>
        </control>
    </controls>
</window>
