<?xml version="1.0" encoding="UTF-8"?>
<includes>
  
  
	<include name="View_57_BigPanel">
		<control type="group">
		  <visible>Control.IsVisible(57)</visible>
		  <include>animation_view_change</include>
		  
			<control type="panel" id="57">
				<viewtype label="31426">icons</viewtype>
				<animation effect="slide" start="0" end="-30,0" time="150" condition="Control.HasFocus(60) | Control.HasFocus(6002)">Conditional</animation>
				<posx>60</posx>
				<bottom>130</bottom>
				<height>800</height>
				<width>1834</width>
				<orientation>vertical</orientation>
				<onleft>9000</onleft>
				<onright condition="Skin.HasSetting(EnableQuickJump)">6000</onright>
				<onright condition="!Skin.HasSetting(EnableQuickJump)">60</onright>
				<onup>57</onup>
				<ondown>57</ondown>
				<preloaditems>4</preloaditems>
				<pagecontrol>60</pagecontrol>
				<visible>String.IsEqual(Window(Home).Property(SkinHelper.ForcedView),57) | String.IsEmpty(Window(Home).Property(SkinHelper.ForcedView))</visible>
				<itemlayout height="400" width="262" condition="!Skin.HasSetting(View57_ShowTags)">
					<control type="group">
						<width>259</width>
						<height>380</height>
						<include content="PosterPanelLayout">
							<param name="WatchedIndicator" value="WatchedIndicatorNormal" />
							<param name="colordiffuse" value="$VAR[ViewDetailsPanelColor]" />
							<param name="border" value="thumbsborder_unfocused" />
						</include>
					</control>
				</itemlayout>
				<focusedlayout height="400" width="262" condition="!Skin.HasSetting(View57_ShowTags)">
					<include content="AutoTrailerButton">
						<param name="id" value="57"/>
					</include>
					<control type="group">
						<width>259</width>
						<height>380</height>
						<include>Focus_Zoom_Animation</include>
						<include condition="Skin.HasSetting(Home_TransParentTiles)">Home_BG_TransParentPoster</include>
						<include content="PosterPanelLayout">
							<param name="WatchedIndicator" value="WatchedIndicatorNormal"/>
							<param name="colordiffuse" value="$VAR[ViewDetailsBorderFocusColor]" />
							<param name="border" value="thumbsborder_focused" />
						</include>
						<include condition="Skin.HasSetting(LibItems_FocusOverlay)">FocusOverlay</include>
					</control>
				</focusedlayout>
				<itemlayout height="400" width="240" condition="Skin.HasSetting(View57_ShowTags)">
					<control type="group">
						<include>Focus_Zoom_Animation</include>
						<width>233.1</width>
						<height>342</height>
						<include content="PosterPanelLayout">
							<param name="WatchedIndicator" value="WatchedIndicatorNormal" />
							<param name="colordiffuse" value="$VAR[ViewDetailsPanelColor]" />
							<param name="border" value="thumbsborder_unfocused" />
						</include>
						<include content="Tag_NF">
							<param name="tagwidth" value="230" />
							<param name="tagtop" value="342" />
						</include>
					</control>
				</itemlayout>
				<focusedlayout height="400" width="240" condition="Skin.HasSetting(View57_ShowTags)">
					<include content="AutoTrailerButton">
						<param name="id" value="57"/>
					</include>
					<control type="group">
						<include>Focus_Zoom_Animation</include>
						<width>233.1</width>
						<height>342</height>
						<include condition="Skin.HasSetting(Home_TransParentTiles)">Home_BG_TransParentPoster</include>
						<include content="PosterPanelLayout">
							<param name="WatchedIndicator" value="WatchedIndicatorNormal"/>
							<param name="colordiffuse" value="$VAR[ViewDetailsBorderFocusColor]" />
							<param name="border" value="thumbsborder_focused" />
						</include>
						<include content="Tag_FO">
							<param name="tagwidth" value="230" />
							<param name="tagtop" value="342" />
						</include>
						<include condition="Skin.HasSetting(LibItems_FocusOverlay)">FocusOverlay</include>
					</control>
				</focusedlayout>
			</control>
		  
			<!--vertical Scollbar-->
			<control type="scrollbar" id="60">
				<visible>Control.IsVisible(57) + Integer.IsGreater(Container.Numitems,0)</visible>
				<right>15</right>
				<bottom>150</bottom>
				<height>730</height>
				<onup>60</onup>
				<ondown>6000</ondown>
				<onleft>57</onleft>
				<animation effect="fade" start="0" end="100" time="400" condition="[Control.HasFocus(60) | Skin.HasSetting(EnableTouchSupport) | Container.Scrolling | Skin.HasSetting(alwaysShowScrollbars)] + !Control.IsVisible(6002)">Conditional</animation>
				<animation effect="fade" start="100" end="0" time="400" condition="![Control.HasFocus(60) | Skin.HasSetting(EnableTouchSupport) | Container.Scrolling | Skin.HasSetting(alwaysShowScrollbars)] | Control.IsVisible(6002)">Conditional</animation>
			</control>
			
		</control>
	</include>

  </includes>
