<?xml version="1.0" encoding="UTF-8"?>
<window>
	<zorder>6</zorder>
	<controls>
		<control type="image">
			<posx>0</posx>
			<posy>0</posy>
			<width>1920</width>
			<height>1080</height>
			<texture>screensaver-black.png</texture>
			<animation effect="fade" start="0" end="100" time="500">WindowOpen</animation>
		</control>
		<control type="group">
			<animation type="Conditional" condition="String.IsEqual(Window.Property(SlideView.Splash),hide)">
				<effect type="fade" start="0" end="100" time="500"/>
			</animation>
			<control type="group">
				<visible>String.IsEqual(Window.Property(SlideView.Background),show)</visible>
				<control type="group">
					<animation type="Conditional" condition="String.IsEqual(Window.Property(SlideView.Fade11),1)">
						<effect type="fade" start="100" end="0" time="1000"/>
					</animation>
					<animation type="Conditional" condition="String.IsEqual(Window.Property(SlideView.NoEffectFade1),1)">
						<effect type="fade" start="100" end="0" time="0"/>
					</animation>
					<!-- background image 1 -->
					<control type="image" id="5">
						<posx>0</posx>
						<posy>0</posy>
						<width>1920</width>
						<height>1080</height>
						<texture background="true"></texture>
						<aspectratio>scale</aspectratio>
						<fadetime>0</fadetime>
					</control>
				</control>
				<control type="group">
					<animation type="Conditional" condition="String.IsEqual(Window.Property(SlideView.Fade12),1)">
						<effect type="fade" start="100" end="0" time="1000"/>
					</animation>
					<animation type="Conditional" condition="String.IsEqual(Window.Property(SlideView.NoEffectFade2),1)">
						<effect type="fade" start="100" end="0" time="0"/>
					</animation>
					<!-- background image 2 -->
					<control type="image" id="6">
						<posx>0</posx>
						<posy>0</posy>
						<width>1920</width>
						<height>1080</height>
						<texture background="true"></texture>
						<aspectratio>scale</aspectratio>
						<fadetime>0</fadetime>
					</control>
				</control>
				<control type="image">
					<animation effect="fade" start="80" end="80" time="0" condition="true">Conditional</animation>
					<posx>0</posx>
					<posy>0</posy>
					<width>1920</width>
					<height>1080</height>
					<texture>screensaver-black.png</texture>
				</control>
			</control>
			<control type="group">
				<animation type="Conditional" condition="String.IsEqual(Window.Property(SlideView.Fade1),1)">
					<effect type="fade" start="100" end="0" time="1000"/>
				</animation>
				<animation type="Conditional" condition="String.IsEqual(Window.Property(SlideView.NoEffectFade1),1)">
					<effect type="fade" start="100" end="0" time="0"/>
				</animation>
				<!-- image 1 -->
				<control type="image" id="1">
					<posx>0</posx>
					<posy>0</posy>
					<width>1920</width>
					<height>1080</height>
					<texture background="true"></texture>
					<aspectratio>keep</aspectratio>
					<fadetime>0</fadetime>
					<animation type="Conditional" condition="String.IsEqual(Window.Property(SlideView.Slide1),0)" reversible="false">
						<effect type="slide" tween="cubic" easing="inout" start="1920,0" end="0,0" time="500"/>
					</animation>
					<animation type="Conditional" condition="String.IsEqual(Window.Property(SlideView.Slide1),1)" reversible="false">
						<effect type="slide" tween="cubic" easing="inout" start="0,0" end="-1920,0" time="500"/>
					</animation>
				</control>
			</control>
			<control type="group">
				<animation type="Conditional" condition="String.IsEqual(Window.Property(SlideView.Fade2),1)">
					<effect type="fade" start="100" end="0" time="1000"/>
				</animation>
				<animation type="Conditional" condition="String.IsEqual(Window.Property(SlideView.NoEffectFade2),1)">
					<effect type="fade" start="100" end="0" time="0"/>
				</animation>
				<!-- image 2 -->
				<control type="image" id="2">
					<posx>0</posx>
					<posy>0</posy>
					<width>1920</width>
					<height>1080</height>
					<texture background="true"></texture>
					<aspectratio>keep</aspectratio>
					<fadetime>0</fadetime>
					<animation type="Conditional" condition="String.IsEqual(Window.Property(SlideView.Slide2),0)" reversible="false">
						<effect type="slide" tween="cubic" easing="inout" start="1920,0" end="0,0" time="500"/>
					</animation>
					<animation type="Conditional" condition="String.IsEqual(Window.Property(SlideView.Slide2),1)" reversible="false">
						<effect type="slide" tween="cubic" easing="inout" start="0,0" end="-1920,0" time="500"/>
					</animation>
				</control>
			</control>
			<control type="group">
				<animation type="Conditional" condition="String.IsEqual(Window.Property(SlideView.Fade1),1)">
					<effect type="fade" start="100" end="0" time="1000"/>
				</animation>
				<animation type="Conditional" condition="String.IsEqual(Window.Property(SlideView.NoEffectFade1),1)">
					<effect type="fade" start="100" end="0" time="0"/>
				</animation>
				<!-- image 1 (setting: scale image)-->
				<control type="image" id="3">
					<posx>0</posx>
					<posy>0</posy>
					<width>1920</width>
					<height>1080</height>
					<texture background="true"></texture>
					<aspectratio>scale</aspectratio>
					<fadetime>0</fadetime>
					<animation type="Conditional" condition="String.IsEqual(Window.Property(SlideView.Slide1),0)" reversible="false">
						<effect type="slide" tween="cubic" easing="inout" start="1920,0" end="0,0" time="500"/>
					</animation>
					<animation type="Conditional" condition="String.IsEqual(Window.Property(SlideView.Slide1),1)" reversible="false">
						<effect type="slide" tween="cubic" easing="inout" start="0,0" end="-1920,0" time="500"/>
					</animation>
				</control>
			</control>
			<control type="group">
				<animation type="Conditional" condition="String.IsEqual(Window.Property(SlideView.Fade2),1)">
					<effect type="fade" start="100" end="0" time="1000"/>
				</animation>
				<animation type="Conditional" condition="String.IsEqual(Window.Property(SlideView.NoEffectFade2),1)">
					<effect type="fade" start="100" end="0" time="0"/>
				</animation>
				<!-- image 2 (setting: scale image)-->
				<control type="image" id="4">
					<posx>0</posx>
					<posy>0</posy>
					<width>1920</width>
					<height>1080</height>
					<texture background="true"></texture>
					<aspectratio>scale</aspectratio>
					<fadetime>0</fadetime>
					<animation type="Conditional" condition="String.IsEqual(Window.Property(SlideView.Slide2),0)" reversible="false">
						<effect type="slide" tween="cubic" easing="inout" start="1920,0" end="0,0" time="500"/>
					</animation>
					<animation type="Conditional" condition="String.IsEqual(Window.Property(SlideView.Slide2),1)" reversible="false">
						<effect type="slide" tween="cubic" easing="inout" start="0,0" end="-1920,0" time="500"/>
					</animation>
				</control>
			</control>
			<control type="image"> <!--overlay-->
				<posx>0</posx>
				<posy>250</posy>
				<width>auto</width>
				<height>auto</height>
				<texture>overlayfade.png</texture>
				<animation effect="fade" end="95" condition="True">Conditional</animation>
				<visible>String.IsEqual(Window.Property(SlideView.Overlay),show)</visible>
			</control>
			<control type="label" id="99"> <!--name-->
				<posx>1875</posx>
				<posy>992</posy>
				<width>900</width>
				<height>30</height>
				<font>font14</font>
				<align>right</align>
				<textcolor>F0FFFFFF</textcolor>
				<shadowcolor>F0000000</shadowcolor>
			</control>
			<control type="label" id="100"> <!-- date -->
				<posx>1875</posx>
				<posy>1030</posy>
				<width>900</width>
				<height>30</height>
				<font>font13</font>
				<align>right</align>
				<textcolor>C0FFFFFF</textcolor>
				<shadowcolor>F0000000</shadowcolor>
			</control>
			<control type="textbox" id="101"> <!-- exif -->
				<posx>45</posx>
				<posy>925</posy>
				<width>900</width>
				<height>135</height>
				<font>font13</font>
				<align>left</align>
				<textcolor>C0FFFFFF</textcolor>
				<shadowcolor>C0000000</shadowcolor>
				<visible>![Player.HasAudio + String.IsEqual(Window.Property(SlideView.Music),show)]</visible>
			</control>
			<control type="group">
				<posx>30</posx>
				<posy>862</posy>
				<animation effect="fade" start="80" end="80" time="0" condition="true">Conditional</animation>
				<visible>Player.HasAudio + String.IsEqual(Window.Property(SlideView.Music),show)</visible>
				<control type="image">
					<posx>0</posx>
					<posy>-7</posy>
					<width>210</width>
					<height>210</height>
					<texture fallback="DefaultAlbumCover.png">$VAR[AudioPlayerCoverImage]</texture>
					<aspectratio>keep</aspectratio>
				</control>
				<control type="label">
					<posx>240</posx>
					<posy>20</posy>
					<width>900</width>
					<height>40</height>
					<align>left</align>
					<font>font20</font>
					<label>[B]$INFO[VideoPlayer.ChannelName][/B]</label>
					<textcolor>FF12B2E7</textcolor>
					<shadowcolor>FF000000</shadowcolor>
					<visible>!String.IsEmpty(VideoPlayer.ChannelName)</visible>
				</control>
				<control type="label">
					<posx>240</posx>
					<posy>20</posy>
					<width>900</width>
					<height>40</height>
					<align>left</align>
					<font>font20</font>
					<label>[B]$INFO[MusicPlayer.Station][/B]</label>
					<textcolor>FF12B2E7</textcolor>
					<shadowcolor>FF000000</shadowcolor>
					<visible>String.IsEmpty(VideoPlayer.ChannelName)</visible>
				</control>
				<control type="label">
					<posx>240</posx>
					<posy>60</posy>
					<width>900</width>
					<height>38</height>
					<align>left</align>
					<font>font13</font>
					<label>[B]$INFO[MusicPlayer.Title][/B]</label>
					<textcolor>FFFFFFFF</textcolor>
					<shadowcolor>FF000000</shadowcolor>
				</control>
				<control type="label">
					<posx>240</posx>
					<posy>95</posy>
					<width>900</width>
					<height>38</height>
					<align>left</align>
					<font>font13</font>
					<label>$INFO[MusicPlayer.Artist]</label>
					<textcolor>FFFFFFFF</textcolor>
					<shadowcolor>FF000000</shadowcolor>
				</control>
				<control type="label">
					<posx>240</posx>
					<posy>130</posy>
					<width>900</width>
					<height>38</height>
					<align>left</align>
					<font>font13</font>
					<label>$INFO[MusicPlayer.Album]</label>
					<textcolor>FFFFFFFF</textcolor>
					<shadowcolor>FF000000</shadowcolor>
				</control>
				<control type="label">
					<posx>240</posx>
					<posy>130</posy>
					<width>900</width>
					<height>38</height>
					<align>left</align>
					<font>font13</font>
					<label>$INFO[RDS.GetLine(0),RDS-Info: ]</label>
					<textcolor>FFFFFFFF</textcolor>
					<shadowcolor>FF000000</shadowcolor>
				</control>				
				<control type="group">
					<animation end="-45,0" time="0" effect="slide" condition="!Integer.IsGreater(PVR.EpgEventElapsedTime(h),0) | !Integer.IsGreater(Player.Time(h),0)">Conditional</animation>
					<animation end="45,0" time="0" effect="slide" condition="Integer.IsGreater(PVR.EpgEventElapsedTime(h),0) | Integer.IsGreater(Player.Time(h),0)">Conditional</animation> <!-- testen !? -->
					<posx>240</posx>
					<posy>160</posy>
					<control type="label">
						<animation end="45,0" time="0" effect="slide" condition="!Integer.IsGreater(Player.Time(h),0)">Conditional</animation>
						<posx>0</posx>
						<posy>12</posy>
						<width>150</width>
						<height>30</height>
						<font>font13</font>
						<align>left</align>
						<aligny>center</aligny>
						<label>$INFO[Player.Time]</label>
						<textcolor>FFFFFFFF</textcolor>
						<shadowcolor>FF000000</shadowcolor>
						<visible>!VideoPlayer.HasEpg</visible>
					</control>
					<control type="label">
						<animation end="45,0" time="0" effect="slide" condition="!Integer.IsGreater(PVR.EpgEventElapsedTime(h),0)">Conditional</animation>
						<posx>0</posx>
						<posy>12</posy>
						<width>150</width>
						<height>30</height>
						<font>font13</font>
						<align>left</align>
						<aligny>center</aligny>
						<label>$INFO[PVR.EpgEventElapsedTime]</label>
						<textcolor>FFFFFFFF</textcolor>
						<shadowcolor>FF000000</shadowcolor>
						<visible>VideoPlayer.HasEpg</visible>
					</control>
					<control type="progress">
						<description>Progressbar</description>
						<posx>128</posx>
						<posy>18</posy>
						<width>300</width>
						<height>21</height>
						<info>Player.Progress</info>
						<texturebg border="3" colordiffuse="FFFFFFFF">screensaver-progress.png</texturebg>
						<midtexture colordiffuse="FF12B2E7">screensaver-progress.png</midtexture>
						<lefttexture></lefttexture>
						<righttexture></righttexture>
						<overlaytexture></overlaytexture>
						<visible>!VideoPlayer.HasEpg</visible>
					</control>
					<control type="progress">
						<description>Progressbar</description>
						<posx>128</posx>
						<posy>18</posy>
						<width>300</width>
						<height>21</height>
						<info>PVR.EpgEventProgress</info>
						<texturebg border="3" colordiffuse="FFFFFFFF">screensaver-progress.png</texturebg>
						<midtexture colordiffuse="FF12B2E7">screensaver-progress.png</midtexture>
						<lefttexture></lefttexture>
						<righttexture></righttexture>
						<overlaytexture></overlaytexture>
						<visible>VideoPlayer.HasEpg</visible>
					</control>
					<control type="label">
						<animation end="-45,0" time="0" effect="slide" condition="!Integer.IsGreater(Player.Duration(h),0)">Conditional</animation>
						<posx>555</posx>
						<posy>12</posy>
						<width>150</width>
						<height>30</height>
						<font>font13</font>
						<align>right</align>
						<aligny>center</aligny>
						<label>$INFO[Player.Duration]</label>
						<textcolor>FFFFFFFF</textcolor>
						<shadowcolor>FF000000</shadowcolor>
						<visible>!VideoPlayer.HasEpg</visible>
					</control>
					<control type="label">
						<animation end="-45,0" time="0" effect="slide" condition="!Integer.IsGreater(PVR.EpgEventRemainingTime(h),0)">Conditional</animation>
						<posx>555</posx>
						<posy>12</posy>
						<width>150</width>
						<height>30</height>
						<font>font13</font>
						<align>right</align>
						<aligny>center</aligny>
						<label>$INFO[PVR.EpgEventRemainingTime]</label>
						<textcolor>FFFFFFFF</textcolor>
						<shadowcolor>FF000000</shadowcolor>
						<visible>VideoPlayer.HasEpg</visible>
					</control>
				</control>
			</control>
		</control>
		<control type="image">
			<posx>729</posx>
			<posy>309</posy>
			<width>461</width>
			<height>461</height>
			<aspectratio>keep</aspectratio>
			<fadetime>0</fadetime>
			<texture>screensaver-splash.png</texture>
			<animation effect="rotate" end="-360" center="auto" time="7000" loop="true" reversible="false" condition="!String.IsEqual(Window.Property(SlideView.Splash),hide)">Conditional</animation>
			<animation type="WindowOpen">
				<effect type="fade" start="0" end="100" time="1000" delay="500"/>
			</animation>
			<animation type="Conditional" condition="String.IsEqual(Window.Property(SlideView.Splash),hide)">
				<effect type="fade" start="100" end="0" time="500"/>
			</animation>
			<visible>!String.IsEqual(Window.Property(SlideView.Splash),hide)</visible>
		</control>
		<control type="image">
			<posx>0</posx>
			<posy>0</posy>
			<width>1920</width>
			<height>1080</height>
			<texture>screensaver-black.png</texture>
			<colordiffuse>$INFO[Window.Property(SlideView.Dim)]</colordiffuse>
		</control>
	</controls>
</window>
