<?xml version="1.0" encoding="utf-8"?>
<!--Titan-->
<window>
    <defaultcontrol always="true">10</defaultcontrol>
    <onload>Skin.SetString(TMDbHelper.MonitorContainer,99950)</onload>
	
	<!-- <onload>Skin.SetString(colorbox_effect,blur)</onload>
    <onload>Skin.SetString(colorbox_quality,4)</onload>
    <onload>Skin.SetString(colorbox_blend,100)</onload>
    <onload>Skin.SetString(colorbox_blursize,30)</onload>
    <onload>Skin.SetString(colorbox_bitsize,1)</onload>
    <onload>Skin.SetString(colorbox_pixelsize,12)</onload>
    <onload>Skin.SetString(colorbox_desat,0.3)</onload>
    <onload>Skin.SetString(colorbox_black,000000)</onload>
    <onload>Skin.SetString(colorbox_white,ffffff)</onload>
    <onload>Skin.SetString(colorbox_main,main:fhls*-;0.45;0.9)</onload>
    <onload>Skin.SetString(colorbox_comp,main:hls*0.75;0;0@fhls*-;0.45;0.9)</onload>

    <onload condition="System.HasAddon(script.colorbox)">RunScript(script.colorbox,daemon=True)</onload>
    <onload>SetProperty(FIVE_daemon_set,$INFO[Skin.String(colorbox_effect)],home)</onload>
    <onload condition="System.HasAddon(script.colorbox)">AlarmClock(nms1,SetProperty(NINE_manual_set,"var=main,set=$INFO[Skin.String(colorbox_main)]|var=comp,set=$INFO[Skin.String(colorbox_comp)]|var=quality,set=$INFO[Skin.String(colorbox_quality)]|var=blursize,set=$INFO[Skin.String(colorbox_blursize)]|var=bitsize,set=$INFO[Skin.String(colorbox_bitsize)]|var=pixelsize,set=$INFO[Skin.String(colorbox_pixelsize)]|var=black,set=$INFO[Skin.String(colorbox_black)]|var=white,set=$INFO[Skin.String(colorbox_white)]|var=blend,set=$INFO[Skin.String(colorbox_blend)]|var=desat,set=$INFO[Skin.String(colorbox_desat)]",home),00:05,true)</onload>
 -->
	
    <include>DefaultSkinSettings</include>
	<controls>
        <control type="image">
			<width>100%</width>
			<height>100%</height>
			<aspectratio>keep</aspectratio>
            <texture background="true">$INFO[Skin.String(SplashScreen)]</texture>
			<visible>Skin.String(SplashScreen) + String.IsEmpty(Skin.String(AutoStartPlayList))</visible>
		</control>
        <control type="button" id="10">
			<description>trigger</description>
            <onfocus condition="!Skin.String(SplashScreen)">ReplaceWindow($INFO[System.StartupWindow])</onfocus>
            <onfocus condition="!Skin.String(SplashScreen) + !String.IsEmpty(Skin.String(AutoStartPlayList))">PlayMedia($INFO[Skin.String(AutoStartPlayList)])</onfocus>
            <onfocus condition="Skin.String(SplashScreen)">RunScript(script.skin.helper.service,action=splashscreen,file=$INFO[Skin.String(SplashScreen)])</onfocus>
			<texturenofocus></texturenofocus>
			<texturefocus></texturefocus>
		</control>
         <!-- video control for splash -->
        <control type="videowindow">
            <width>100%</width>
			<height>100%</height>
        </control>
        <!-- image control for splash -->
		<control type="image">
			<width>100%</width>
			<height>100%</height>
			<aspectratio>keep</aspectratio>
            <texture background="true">$INFO[Window(Home).Property(SkinHelper.SplashScreen)]</texture>
		</control>
     </controls>
</window>