<?xml version="1.0" encoding="utf-8"?>
<!--Titan-->
<includes>
    <include name="View_55_BannerList">

        <!--View 55-->
        <control type="group">
            <visible>Control.IsVisible(55)</visible>
            <include>animation_view_change</include>
            <include>MovieDetailsLeft</include>
            <!-- ID="52" -->
            <control type="panel" id="55">
                <animation effect="slide" end="-645" time="250" condition="Skin.HasSetting(View55_ShowInfoRight)">Conditional</animation>
				<animation effect="slide" end="30" time="" condition="!Skin.HasSetting(View55_ShowInfoRight) + Skin.HasSetting(View55_LargeBanners)">Conditional</animation>
                <right>40</right>
				<bottom>12%</bottom>
                <height>738</height>
				<width>1190</width>
                <onup>55</onup>
                <ondown>55</ondown>
                <onleft>9000</onleft>
                <onright condition="Skin.HasSetting(EnableQuickJump)">6000</onright>
                <onright condition="!Skin.HasSetting(EnableQuickJump)">60</onright>
                <pagecontrol>60</pagecontrol>
                <viewtype label="31424">bigwide</viewtype>
                <scrolltime tween="Cubic" easing="inout">500</scrolltime>
                <focusposition>0</focusposition>
                <orientation>vertical</orientation>
                <preloaditems>4</preloaditems>
				<visible>String.IsEqual(Window(Home).Property(SkinHelper.ForcedView),55) | String.IsEmpty(Window(Home).Property(SkinHelper.ForcedView))</visible>
				<itemlayout height="123" width="595" condition="!Skin.HasSetting(View55_LargeBanners)">
                    <control type="group">
                        <width>585</width>
                        <height>119</height>
                        <include content="BannerLayout">
							<param name="WatchedIndicator" value="WatchedIndicatorSmall" />
							<param name="colordiffuse" value="$VAR[ViewDetailsPanelColor]" />
							<param name="border" value="thumbsborder_unfocused" />
						</include>
					</control>
                </itemlayout>
                <focusedlayout height="123" width="595" condition="!Skin.HasSetting(View55_LargeBanners)">
                    <control type="group">
                        <width>585</width>
                        <height>119</height>
					   <include condition="Skin.HasSetting(Home_TransParentTiles)">Home_BG_TransParentBanner</include>
                       <include content="BannerLayout">
							<param name="WatchedIndicator" value="WatchedIndicatorSmall"/>
							<param name="colordiffuse" value="$VAR[ViewDetailsBorderFocusColor]" />
							<param name="border" value="thumbsborder_focused" />
						</include>
						<include>Focus_Zoom_Animation</include>
						<include condition="Skin.HasSetting(LibItems_FocusOverlay)">FocusOverlay</include>
                        <include content="AutoTrailerButton">
							<param name="id" value="55"/>
						</include>
					</control>
                </focusedlayout>
                <itemlayout height="246" width="1190" condition="Skin.HasSetting(View55_LargeBanners)">
                    <control type="group">
                        <width>1150</width>
                        <height>238</height>
						<include content="BannerLayout">
							<param name="WatchedIndicator" value="WatchedIndicatorSmall" />
							<param name="colordiffuse" value="$VAR[ViewDetailsPanelColor]" />
							<param name="border" value="thumbsborder_unfocused" />
						</include>
					</control>
                </itemlayout>
                <focusedlayout height="246" width="1190" condition="Skin.HasSetting(View55_LargeBanners)">
                    <control type="group">
                        <width>1150</width>
                        <height>238</height>
						<include condition="Skin.HasSetting(Home_TransParentTiles)">Home_BG_TransParentBanner</include>
						<include content="BannerLayout">
							<param name="WatchedIndicator" value="WatchedIndicatorSmall"/>
							<param name="colordiffuse" value="$VAR[ViewDetailsBorderFocusColor]" />
							<param name="border" value="thumbsborder_focused" />
						</include>
						<include condition="Skin.HasSetting(LibItems_FocusOverlay)">FocusOverlay</include>
						<include>Focus_Zoom_Animation</include>
						<include content="AutoTrailerButton">
							<param name="id" value="55"/>
						</include>
					</control>
                </focusedlayout>
			</control>
 			<!--vertical Scollbar-->
			<control type="scrollbar" id="60">
				<visible>Control.IsVisible(55) + Integer.IsGreater(Container.Numitems,0)</visible>
				<right>15</right>
				<bottom>13%</bottom>
                <height>736</height>
				<onup>60</onup>
				<ondown>6000</ondown>
				<onleft>55</onleft>
				<animation effect="fade" start="0" end="100" time="400" condition="[Control.HasFocus(60) | Skin.HasSetting(EnableTouchSupport) | Container.Scrolling | Skin.HasSetting(alwaysShowScrollbars)] + !Control.IsVisible(6002)">Conditional</animation>
				<animation effect="fade" start="100" end="0" time="400" condition="![Control.HasFocus(60) | Skin.HasSetting(EnableTouchSupport) | Container.Scrolling | Skin.HasSetting(alwaysShowScrollbars)] | Control.IsVisible(6002)">Conditional</animation>
			</control>
    
		</control>
	</include>
</includes>