<?xml version="1.0" encoding="utf-8"?>
<window>
	<defaultcontrol always="true">6</defaultcontrol>
	<controls>
		<control type="group">
			<centertop>50%</centertop>
			<centerleft>50%</centerleft>
			<height>760</height>
			<width>1230</width>
			<control type="image">
				<height>760</height>
				<width>1230</width>
				<bottom>0</bottom>
				<texture border="15">diffuse/bgpanel.png</texture>
				<colordiffuse>$INFO[Skin.String(DialogFrameColor)]</colordiffuse>
			</control>
			<control type="image">
				<height>760</height>
				<width>1230</width>
				<bottom>0</bottom>
				<texture border="15">diffuse/bgpanel.png</texture>
				<colordiffuse>$INFO[Skin.String(SideBladePanelColor)]</colordiffuse>
				<bordersize>10</bordersize>
			</control>
			<!-- Color picker panel -->
			<control type="panel" id="6">
				<left>20</left>
				<top>100</top>
				<width>880</width>
				<bottom>35</bottom>
				<onup>6</onup>
				<ondown>6</ondown>
				<onleft>9001</onleft>
				<onright>61</onright>
				<orientation>vertical</orientation>
				<pagecontrol>61</pagecontrol>
				<viewtype label="100">icon</viewtype>
				<itemlayout height="80" width="146">
					<control type="group">
						<control type="image">
							<top>3</top>
							<left>8</left>
							<width>138</width>
							<height>74</height>
							<texture>colors/color_black.png</texture>
						</control>
						<control type="image">
							<top>3</top>
							<left>8</left>
							<width>138</width>
							<height>74</height>
							<texture border="0">colors/color_white.png</texture>
							<colordiffuse>$INFO[ListItem.Label2]</colordiffuse>
							<aspectratio>stretch</aspectratio>
						</control>
					</control>
				</itemlayout>
				<focusedlayout height="80" width="146">
					<control type="group">
						<animation effect="zoom" time="200" tween="sine" easing="inout" start="100" end="124" center="auto">Focus</animation>
						<control type="image">
							<top>3</top>
							<left>8</left>
							<width>138</width>
							<height>74</height>
							<texture>buttons/color_black.png</texture>
						</control>
						<control type="image">
							<top>3</top>
							<left>8</left>
							<width>138</width>
							<height>74</height>
							<texture border="0">colors/color_white.png</texture>
							<colordiffuse>$INFO[ListItem.Label2]</colordiffuse>
							<aspectratio>stretch</aspectratio>
						</control>
					</control>
				</focusedlayout>
			</control>
			<control type="scrollbar" id="61">
				<left>920</left>
				<top>100</top>
				<width>12</width>
				<bottom>26</bottom>
				<onleft condition="Control.IsVisible(6)">6</onleft>
				<onright>9001</onright>
				<orientation>vertical</orientation>
			</control>
			<control type="label">
				<left>28</left>
				<top>40</top>
				<width>880</width>
				<height>35</height>
				<align>left</align>
				<label>[B]$LOCALIZE[737]: $INFO[Container(6).ListItem.Label,, - ][/B]$INFO[Container(6).ListItem.Label2,#,]</label>
			</control>
			
			<control type="grouplist" id="9001">
				<left>935</left>
				<top>100</top>
				<onleft>61</onleft>
				<itemgap>0</itemgap>
				<onright>6</onright>
			  <control type="button" id="7">
                  <right>0</right>
                  <description>Close</description>
                  <label>$LOCALIZE[222]</label>
                  <width>280</width>
                  <include>DialogButtonOther</include>
                  <height>80</height>
                  <visible>true</visible>
              </control>
			</control>
		</control>
	</controls>
</window>
