<?xml version="1.0" encoding="UTF-8"?>
<addon id="skin.titan.mod" version="21.1.31" name="Titan MOD" provider-name="marduk,fuchs2468,marcelveldt,mgonzales">
	<requires>
		<import addon="xbmc.gui" version="5.17.0"/>
		<import addon="script.embuary.helper" version="1.1.2"/>
		<import addon="script.skinshortcuts" version="1.0.17"/>
		<import addon="script.skin.helper.service" version="1.20.1"/>
        <import addon="script.skin.helper.widgets" version="1.20.3"/>
        <import addon="script.skin.helper.backgrounds" version="1.0.0"/>
        <import addon="resource.images.studios.coloured" version="0.0.9"/>
		<import addon="resource.images.studios.white" version="0.0.15"/>
		<import addon="resource.images.languageflags.colour" version="0.0.4"/>
        <import addon="resource.images.skinbackgrounds.titanium" version="1.0.0"/>
        <import addon="resource.images.skinicons.wide" version="1.0.0"/>
        <import addon="resource.images.backgroundoverlays.basic" version="1.0.0"/>
		<import addon="resource.uisounds.titan.modern" version="1.0.0"/>
		<import addon="script.skin.helper.colorpicker" version="2.0.3"/>
	</requires>
	<extension point="xbmc.gui.skin" defaultthemename="Textures.xbt" effectslowdown="1" debugging="false">
		<res width="1920" height="1080" aspect="16:9" default="true" folder="1080i"/>
	</extension>
	<extension point="xbmc.addon.metadata">
		<summary lang="bg_BG">Обликът "Titan MOD for Kodi" за MediaPortal адаптиран за Kodi, с много добавени функции.</summary>
		<summary lang="de_DE">MediaPortal's "Titan MOD for Kodi" Skin portiert für Kodi mit jeder Menge neuer Funktionen und einer vollständigen MediaBrowser Integration.</summary>
		<summary lang="en_AU">"Titan MOD for Kodi" skin ported to Kodi enriched with lot's of features.</summary>
		<summary lang="en_GB">MediaPortal's "Titan MOD for Kodi" skin ported to Kodi enriched with lot's of features.</summary>
		<summary lang="en_NZ">MediaPortal's "Titan MOD for Kodi" skin ported to Kodi enriched with lot's of features.</summary>
		<summary lang="en_US">MediaPortal's "Titan MOD for Kodi" skin ported to Kodi enriched with lot's of features.</summary>
		<summary lang="es_ES">El skin "Titan MOD for Kodi" de MediaPortal, portado a Kodi y enriquecido con muchas funciones.</summary>
		<summary lang="fi_FI">Perustuu MediaPortalin "Titan MOD for Kodi"-ulkoasuun.</summary>
		<summary lang="fr_FR">L'habillage "Titan MOD for Kodi" de MediaPortal adapté à Kodi et enrichi avec de nombreuses fonctionnalités</summary>
		<summary lang="he_IL">המעטפת "Titan MOD for Kodi" שבמקור נוצרה עבור MediaPortal, שודרגה ביכולות רבות ושילוב מלא של MediaBrowser.</summary>
		<summary lang="hr_HR">MediaPortal "Titan MOD for Kodi" presvlaka prebačena na Kodi i obogaćena s puno dodatnih mogućnosti.</summary>
		<summary lang="it_IT">La skin di MediaPortal "Titan MOD for Kodi" arriva su Kodi arricchita con molte feature e piena integrazione di MediaBrowser</summary>
		<summary lang="lt_LT">MediaPortal'o "Titan MOD for Kodi" teminė išvaizda perkelta į Kodi ir papildyta daugybe funkcijų bei pilna MediaBrowser integracija.</summary>
		<summary lang="ms_MY">Kulit "Titan MOD for Kodi" MediaPortal diport ke Kodi ditambahbaik dengan pelbagai fitur.</summary>
		<summary lang="nl_NL">De "Titan MOD for Kodi" skin van MediaPortal is geconverteerd naar Kodi en verrijkt met talloze functionaliteiten</summary>
		<summary lang="pl_PL">Skóra "Titan MOD for Kodi" przeniesiona z programu MediaPortal do Kodi wzbogacona o dodatkowe funkcje.</summary>
		<summary lang="pt_BR">A skin "Titan MOD for Kodi" portada do MediaPortal para o Kodi foi enriquecida com várias funcionalidades.</summary>
		<summary lang="ru_RU">Обложка "Titan MOD for Kodi" была портирована с MediaPortal на Kodi и обзавелась множеством новых возможностей</summary>
		<summary lang="sr_RS">"Titan MOD for Kodi" маска MediaPortala портована за Kodi обогаћена са доста карактеристика.</summary>
		<summary lang="sr_RS@latin">"Titan MOD for Kodi" maska MediaPortala portovana za Kodi obogaćena sa dosta karakteristika.</summary>
		<summary lang="tr_TR">MediaPortal'ın "Titan MOD for Kodi" dış görünümü, pek çok özellikle zenginleştirilerek Kodi'ye aktarıldı.</summary>
		<summary lang="zh_CN">MediaPortal's "Titan MOD for Kodi" 皮肤富含大量的功能。</summary>
		<platform>all</platform>
		<license>GPL v2.0</license>
		<forum>https://forum.kodi.tv/showthread.php?tid=330749</forum>
		<website>http://forum.kodi.tv/forumdisplay.php?fid=212</website>
		<email/>
		<source/>
		<assets>
			<icon>icon.png</icon>
			<fanart>fanart.jpg</fanart>
		</assets>
		<news>
            Follow the forum thread about the latest news for the skin.
        </news>
	</extension>
</addon>