variable name="HomeMenuWidgetInfoPlotAlt">
        <!-- Landscspe and Poster details widget (filled first)-->
		<!-- muss noch mit skinhelper fallback abgeglichen werden -->
        <value condition="!String.IsEmpty(ListItem.TvShowTitle)">1[B]$INFO[ListItem.TvShowTitle,]$INFO[ListItem.Premiered, • ]$INFO[Window(Home).Property(SkinHelper.ListItem.airdaytime.label), • ]$INFO[ListItem.MPAA, • ]$VAR[ListItemDuration, • ]$INFO[ListItem.Genre, • ][/B][CR][CR]$VAR[HomeMenuWidgetInfoPlot]</value>
        <value condition="!String.IsEmpty(ListItem.Artist)">2[B]$INFO[ListItem.Artist]$INFO[ListItem.Album, • ]$VAR[ListItemDuration, • ]$INFO[ListItem.Genre, • ][/B][CR][CR]$VAR[HomeMenuWidgetInfoPlot]</value>
        <value condition="!String.IsEmpty(ListItem.Year)">3[B]$INFO[ListItem.Year,]$VAR[RatingFlagVar, • ]$VAR[ListItemDuration, • ]$INFO[ListItem.Genre, • ][/B][CR][CR]$VAR[HomeMenuWidgetInfoPlot]</value>
        <value condition="!String.IsEmpty(ListItem.Property(StartDateTime))">4[B]$INFO[ListItem.Channel,, • ]$INFO[ListItem.Property(StartDateTime),, • ]$VAR[ListItemDuration,, • ]$INFO[ListItem.Genre][/B][CR][CR]$VAR[HomeMenuWidgetInfoPlot]</value>
        <value condition="!String.IsEmpty(ListItem.Property(DateTime)) + !String.IsEmpty(ListItem.Label2)">5[B]$INFO[ListItem.Label2,, • ]$INFO[ListItem.Property(DateTime),, • ]$VAR[ListItemDuration,, • ]$INFO[ListItem.Genre][/B][CR][CR]$VAR[HomeMenuWidgetInfoPlot]</value>
		<value condition="!String.IsEmpty(ListItem.Property(StartTime)) + !String.IsEmpty(ListItem.Label2)">6[B]$INFO[ListItem.Label2,, • ]$INFO[ListItem.Property(StartTime),, • ]$VAR[ListItemDuration,, • ]$INFO[ListItem.Genre][/B][CR][CR]$VAR[HomeMenuWidgetInfoPlot]</value>
        <value condition="!String.IsEmpty(ListItem.StartTime)">7[B]$INFO[ListItem.Label,, • ]$INFO[ListItem.StartTime,, • ]$VAR[ListItemDuration,, • ]$INFO[ListItem.Genre][/B][CR][CR]$VAR[HomeMenuWidgetInfoPlot]</value>
		<!-- spotlight widget -->
        <value condition="!ControlGroup(77777).HasFocus + Control.IsVisible(1508) + !String.IsEmpty(Container(1508).ListItem.TvShowTitle)">[B]$INFO[Container(1508).ListItem.TvShowTitle]$INFO[Container(1508).ListItem.Year, • ]$INFO[Container(1508).ListItem.Premiered, • ]$INFO[Container(1508).ListItem.Duration, • ]$INFO[Container(1508).ListItem.Genre, • ][/B][CR]$VAR[HomeMenuWidgetInfoPlot]</value>
        <value condition="!ControlGroup(77777).HasFocus + Control.IsVisible(1508) + !String.IsEmpty(Container(1508).ListItem.Artist) + !String.IsEmpty(Container(1508).ListItem.Album)">[B]$INFO[Container(1508).ListItem.Artist]$INFO[Container(1508).ListItem.Album, • ]$INFO[Container(1508).ListItem.Duration, • ][/B][CR]$VAR[HomeMenuWidgetInfoPlot]</value>
        <value condition="!ControlGroup(77777).HasFocus + Control.IsVisible(1508) + !String.IsEmpty(Container(1508).ListItem.Year)">[B]$INFO[Container(1508).ListItem.Year]$INFO[Container(1508).ListItem.Duration, • ]$INFO[Container(1508).ListItem.Genre, • ][/B][CR]$VAR[HomeMenuWidgetInfoPlot]</value>
        <value condition="!ControlGroup(77777).HasFocus + Control.IsVisible(1508) + !String.IsEmpty(Container(1508).ListItem.Property(StartDateTime))">[B]$INFO[Container(1508).ListItem.Channel]$INFO[Container(1508).ListItem.Property(StartDateTime), • ]$INFO[Container(1508).ListItem.Duration, • ]$INFO[Container(1508).ListItem.Genre, • ][/B][CR]$VAR[HomeMenuWidgetInfoPlot]</value>
        <value condition="!ControlGroup(77777).HasFocus + Control.IsVisible(1508) + !String.IsEmpty(Container(1508).ListItem.Property(DateTime)) + !String.IsEmpty(Container(1508).ListItem.Label2)">[B]$INFO[Container(1508).ListItem.Label2]$INFO[Container(1508).ListItem.Property(DateTime), • ]$INFO[Container(1508).ListItem.Duration, • ]$INFO[Container(1508).ListItem.Genre][/B][CR]$VAR[HomeMenuWidgetInfoPlot]</value>
        <value condition="!ControlGroup(77777).HasFocus + Control.IsVisible(1508) + !String.IsEmpty(Container(1508).ListItem.StartTime)">[B]$INFO[Container(1508).ListItem.Label]$INFO[Container(1508).ListItem.StartTime, • ]$INFO[Container(1508).ListItem.Duration, • ]$INFO[Container(1508).ListItem.Genre, • ][/B][CR]$VAR[HomeMenuWidgetInfoPlot]</value>
        <!-- normal widgets -->
        <value condition="!String.IsEmpty(Window(Home).Property(ListItem.TvShowTitle))">8[B]$INFO[Window(Home).Property(ListItem.TvShowTitle),, • ]$INFO[Window(Home).Property(ListItem.Year),, • ]$INFO[Window(Home).Property(ListItem.Premiered),, • ]$INFO[Window(Home).Property(ListItem.Duration),, min. • ]$INFO[Window(Home).Property(ListItem.Genre)][/B][CR]$VAR[HomeMenuWidgetInfoPlot]</value>
        <value condition="!String.IsEmpty(Window(Home).Property(ListItem.Year))">9[B]$INFO[Window(Home).Property(ListItem.Year),, • ]$INFO[Window(Home).Property(ListItem.Duration),, min. • ]$INFO[Window(Home).Property(ListItem.Genre)][/B][CR]$VAR[HomeMenuWidgetInfoPlot]</value>
        <value condition="!String.IsEmpty(Window(Home).Property(ListItem.Artist)) + !String.IsEmpty(Window(Home).Property(ListItem.Album))">10[B]$INFO[Window(Home).Property(ListItem.Artist),, • ]$INFO[Window(Home).Property(ListItem.Album),, • ]$INFO[Window(Home).Property(ListItem.Duration)][/B][CR]$VAR[HomeMenuWidgetInfoPlot]</value>
        <value condition="!String.IsEmpty(Window(Home).Property(ListItem.StartDateTime))">11[B]$INFO[Window(Home).Property(ListItem.Label),, • ]$INFO[Window(Home).Property(ListItem.StartDateTime),, • ]$INFO[Window(Home).Property(ListItem.Duration),, min. • ]$INFO[Window(Home).Property(ListItem.Genre)][/B][CR]$VAR[HomeMenuWidgetInfoPlot]</value>
        <value condition="!String.IsEmpty(Window(Home).Property(ListItem.Property(DateTime))) + !String.IsEmpty(Window(Home).Property(ListItem.Label2))">12[B]$INFO[Window(Home).Property(ListItem.Label2),, • ]$INFO[Window(Home).Property(ListItem.Property(DateTime)),, • ]$INFO[Window(Home).Property(ListItem.Duration),, min. • ]$INFO[Window(Home).Property(ListItem.Genre)][/B][CR]$VAR[HomeMenuWidgetInfoPlot]</value>
        <value condition="!String.IsEmpty(Window(Home).Property(ListItem.StartTime))">12[B]$INFO[Window(Home).Property(ListItem.Label),, • ]$INFO[Window(Home).Property(ListItem.StartTime),, • ]$INFO[Window(Home).Property(ListItem.Duration),, min. • ]$INFO[Window(Home).Property(ListItem.Genre)][/B][CR]$VAR[HomeMenuWidgetInfoPlot]</value>
        <!-- skinhelper fallback -->
        <value condition="!ControlGroup(77777).HasFocus + !String.IsEmpty(Window(Home).Property(SkinHelper.ListItem.TvShowTitle))">[B]$INFO[Window(Home).Property(SkinHelper.ListItem.TvShowTitle),, • ]$INFO[Window(Home).Property(SkinHelper.ListItem.Year),, • ]$INFO[Window(Home).Property(SkinHelper.ListItem.Premiered),, • ]$INFO[Window(Home).Property(SkinHelper.ListItem.Runtime),, min • ]$INFO[Window(Home).Property(SkinHelper.ListItem.Genre)][/B][CR]$VAR[HomeMenuWidgetInfoPlot]</value>
        <value condition="!ControlGroup(77777).HasFocus + !String.IsEmpty(Window(Home).Property(SkinHelper.ListItem.Year)) + String.IsEmpty(Window(Home).Property(SkinHelper.ListItem.Artist))">[B]$INFO[Window(Home).Property(SkinHelper.ListItem.Year),, • ]$INFO[Window(Home).Property(SkinHelper.ListItem.Premiered),, • ]$INFO[Window(Home).Property(SkinHelper.ListItem.Runtime),, min • ]$INFO[Window(Home).Property(SkinHelper.ListItem.Genre)][/B][CR]$VAR[HomeMenuWidgetInfoPlot]</value>
        <value condition="!ControlGroup(77777).HasFocus + !String.IsEmpty(Window(Home).Property(SkinHelper.ListItem.Artist))">[B]$INFO[Window(Home).Property(SkinHelper.ListItem.Artist),, • ]$INFO[Window(Home).Property(SkinHelper.ListItem.Album),, • ]$INFO[Window(Home).Property(SkinHelper.ListItem.Year),, • ]$INFO[Window(Home).Property(SkinHelper.ListItem.Duration),, • ]$INFO[Window(Home).Property(SkinHelper.ListItem.Genre)][/B][CR]$VAR[HomeMenuWidgetInfoPlot]</value>
        <value condition="!ControlGroup(77777).HasFocus + !String.IsEmpty(Window(Home).Property(SkinHelper.ListItem.StartDateTime))">[B]$INFO[Window(Home).Property(SkinHelper.ListItem.Label),, • ]$INFO[Window(Home).Property(SkinHelper.ListItem.StartDateTime),, • ]$INFO[Window(Home).Property(SkinHelper.ListItem.Runtime),, min. • ]$INFO[Window(Home).Property(SkinHelper.ListItem.Genre)][/B][CR]$VAR[HomeMenuWidgetInfoPlot]</value>
        <value condition="!ControlGroup(77777).HasFocus + !String.IsEmpty(Window(Home).Property(SkinHelper.ListItem.Property(DateTime))) + !String.IsEmpty(Window(Home).Property(SkinHelper.ListItem.Label2))">[B]$INFO[Window(Home).Property(SkinHelper.ListItem.Label2),, • ]$INFO[Window(Home).Property(SkinHelper.ListItem.Property(DateTime)),, • ]$INFO[Window(Home).Property(SkinHelper.ListItem.Runtime),, min • ]$INFO[Window(Home).Property(SkinHelper.ListItem.Genre)][/B][CR]$VAR[HomeMenuWidgetInfoPlot]</value>
        <value condition="!ControlGroup(77777).HasFocus + !String.IsEmpty(Window(Home).Property(SkinHelper.ListItem.StartTime))">[B]$INFO[Window(Home).Property(SkinHelper.ListItem.Label),, • ]$INFO[Window(Home).Property(SkinHelper.ListItem.StartTime),, • ]$INFO[Window(Home).Property(SkinHelper.ListItem.Runtime),, min • ]$INFO[Window(Home).Property(SkinHelper.ListItem.Genre)][/B][CR]$VAR[HomeMenuWidgetInfoPlot]</value>
        <value>$VAR[HomeMenuWidgetInfoPlot]</value>
    </variable>	m