<?xml version="1.0" encoding="utf-8"?>
<includes>
	<!-- Tags -->
	<expression name="NetflixHomeIsVisible">[Window.IsActive(Home) + !Window.IsActive(movieinformation) + String.Contains(Skin.String(HomeLayout),netflix)]</expression>
	
	
	<!-- avoid online lookups if offline , 
	!String.IsEmpty(Network.IPAddress)
	!String.EndsWith(Network.LinkState,$LOCALIZE[15208]] not connected
	-->
	<expression name="IsOfflineMode">[String.EndsWith(Network.LinkState,$LOCALIZE[15208]) + String.IsEmpty(Network.IPAddress)]</expression>
	
	<!-- Backgroundbuilding [Window.IsActive(movieinformation) + Skin.HasSetting(UseNetflixInfoDialog)] | -->
	<!-- anpassen für Mod_Enhanced_Info bei aufruf mit Color Monitor aus den netfix ansichten (eine lösung finden???) -->
		<!-- NetflixLayout -->
			<expression name="IsNetflixLayout">
				[[Window.IsActive(Home) + !Window.IsActive(movieinformation) + String.Contains(Skin.String(HomeLayout),netflix)] | [Window.IsActive(movieinformation) + Skin.HasSetting(UseNetflixInfoDialog)] | Window.IsActive(3017) | Window.IsActive(3018) | Control.IsVisible(523) | Control.IsVisible(525) | Control.IsVisible(529)]
			</expression>
	
	<!-- Home -->
	<!-- studio or Ratings footer-->
	<expression name="UseStudio_or_RatingFoo">[
		Skin.HasSetting(StudioInFooter) | 
		Skin.HasSetting(show_imdb_RatingInFooter) | 
		Skin.HasSetting(show_themoviedb_RatingInFooter) | 
		Skin.HasSetting(show_tvdb_RatingInFooter) | 
		Skin.HasSetting(show_imdbtop250_RatingInFooter) |
		Skin.HasSetting(show_metacritic_RatingInFooter) |
		Skin.HasSetting(show_tomatometerallaudience_RatingInFooter) |
		Skin.HasSetting(show_tomatometerallcritics_RatingInFooter)]
	</expression>
	
	<!-- Artwork -->
	<expression name="NoClearlogo">
		String.IsEmpty(ListItem.Art(tvshow.clearlogo)) +
		String.IsEmpty(ListItem.Art(artist.clearlogo)) +
		String.IsEmpty(ListItem.Art(albumartist.clearlogo)) +
		String.IsEmpty(ListItem.Art(clearlogo)) + 
		String.IsEmpty(Container.ListItem.Property(ListItem.Art(clearlogo))) +
		String.IsEmpty(Window(home).Property(SkinHelper.ListItem.ClearLogo)) +
		String.IsEmpty(Window(home).Property(SkinHelper.ListItem.Art.ClearLogo))
	</expression>
	
	<!-- Playing -->
	<expression name="PlayerHasVideo">[Player.HasVideo | Player.HasGame]</expression>
	<expression name="HasAutoTrailer">Skin.HasSetting(DetailsAutoTrailer) | Skin.HasSetting(GameModeAutoTrailer)</expression>
	
	<!-- Content -->
	<expression name="IsTVShow">String.IsEqual(ListItem.DBTYPE,tvshow) | String.IsEqual(ListItem.Property(DBTYPE),tvshow) | String.IsEqual(Window(Home).Property(ListItem.DBTYPE,tvshow)) | String.IsEqual(Window(Home).Property(ListItem.Property(DBTYPE)),tvshow)</expression>
	<expression name="IsEpisode">String.IsEqual(ListItem.DBTYPE,episode) | String.IsEqual(ListItem.Property(DBTYPE),episode) | String.IsEqual(Window(Home).Property(ListItem.DBTYPE,episode)) | String.IsEqual(Window(Home).Property(ListItem.Property(DBTYPE)),episode)</expression>
	<expression name="IsSeason">Container.Content(seasons) | String.IsEqual(ListItem.DBTYPE,season)</expression>
	<expression name="IsMovie">String.IsEqual(ListItem.DBTYPE,movie) | String.IsEqual(ListItem.Property(DBTYPE),movie) | String.IsEqual(Window(Home).Property(ListItem.DBTYPE,movie)) | String.IsEqual(Window(Home).Property(ListItem.Property(DBTYPE)),movie)</expression>
	<expression name="IsArtist">String.IsEqual(ListItem.DBTYPE,artist) | String.IsEqual(ListItem.Property(DBTYPE),artist) | String.IsEqual(Window(Home).Property(ListItem.DBTYPE,artist)) | String.IsEqual(Window(Home).Property(ListItem.Property(DBTYPE)),artist)</expression>
	<expression name="IsAlbum">String.IsEqual(ListItem.DBTYPE,album) | String.IsEqual(ListItem.Property(DBTYPE),album) | String.IsEqual(Window(Home).Property(ListItem.DBTYPE,album)) | String.IsEqual(Window(Home).Property(ListItem.Property(DBTYPE)),album)</expression>
	<expression name="IsSong">String.IsEqual(ListItem.DBTYPE,song) | String.IsEqual(ListItem.Property(DBTYPE),song) | String.IsEqual(Window(Home).Property(ListItem.DBTYPE,song)) | String.IsEqual(Window(Home).Property(ListItem.Property(DBTYPE)),song)</expression>
	<expression name="IsPVR">String.Contains(ListItem.FolderPath, playchannel) | String.Contains(ListItem.FolderPath, playrecording) | String.Contains(ListItem.FolderPath, playtimer) | String.Contains(ListItem.FolderPath, pvr://)</expression>
	
	<!-- ArtWork -->
	
	<!-- Games -->
	<expression name="InVideoMode">Window.IsActive(Videos)</expression>
    <expression name="InGameMode">String.Contains(Container.FolderPath,plugin://plugin.program.ael) | String.Contains(Container.FolderPath,plugin://plugin.program.advanced.launcher) | String.Contains(Container.FolderPath,plugin://plugin.program.advanced.emulator.launcher) |  Window.IsActive(games)</expression>

    <!-- Game platforms -->
    <expression name="PlatformIsWindows">String.Contains(Container.ListItem(1).Property(platform),Windows) | String.Contains(Window(10000).Property(AEL_Launch_Platform),Windows) | String.Contains(Container.ListItem(1).Property(Game.Platform),Windows)</expression>
    <expression name="PlatformIsDos">String.Contains(Container.ListItem(1).Property(platform),DOS) | String.Contains(Window(10000).Property(AEL_Launch_Platform),DOS) | String.Contains(Container.ListItem(1).Property(Game.Platform),DOS)</expression>
    <expression name="PlatformIsSNES">String.Contains(Container.ListItem(1).Property(platform),SNES) | String.Contains(Window(10000).Property(AEL_Launch_Platform),SNES) | String.Contains(Container.ListItem(1).Property(Game.Platform),SNES)</expression>
    <expression name="PlatformIsNES">String.IsEqual(Container.ListItem(1).Property(platform),Nintendo NES) | String.Contains(Window(10000).Property(AEL_Launch_Platform),Nintendo NES) | String.Contains(Container.ListItem(1).Property(Game.Platform),Nintendo NES)</expression>
    <expression name="PlatformIsN64">String.Contains(Container.ListItem(1).Property(platform),Nintendo 64) | String.Contains(Window(10000).Property(AEL_Launch_Platform),Nintendo 64) | String.Contains(Container.ListItem(1).Property(Game.Platform),Nintendo 64)</expression>
    <expression name="PlatformIsNDS">String.Contains(Container.ListItem(1).Property(platform),DS) | String.Contains(Window(10000).Property(AEL_Launch_Platform),DS) | String.Contains(Container.ListItem(1).Property(Game.Platform),DS)</expression>
    <expression name="PlatformIsGameboy">String.Contains(Container.ListItem(1).Property(platform),GameBoy) | String.Contains(Window(10000).Property(AEL_Launch_Platform),GameBoy) | String.Contains(Container.ListItem(1).Property(Game.Platform),GameBoy)</expression>
    <expression name="PlatformIsSwitch">String.Contains(Container.ListItem(1).Property(platform),Switch) | String.Contains(Window(10000).Property(AEL_Launch_Platform),Switch) | String.Contains(Container.ListItem(1).Property(Game.Platform),Switch)</expression>
    <expression name="PlatformIsPs3">String.Contains(Container.ListItem(1).Property(platform),PlayStation 3) | String.Contains(Window(10000).Property(AEL_Launch_Platform),PlayStation 3) | String.Contains(Container.ListItem(1).Property(Game.Platform),PlayStation 3)</expression>
    <expression name="PlatformIsPs2">String.Contains(Container.ListItem(1).Property(platform),PlayStation 2) | String.Contains(Window(10000).Property(AEL_Launch_Platform),PlayStation 2) | String.Contains(Container.ListItem(1).Property(Game.Platform),PlayStation 2)</expression>
    <expression name="PlatformIsPSP">String.Contains(Container.ListItem(1).Property(platform),PlayStation Portable) | String.Contains(Window(10000).Property(AEL_Launch_Platform),PlayStation Portable) | String.Contains(Container.ListItem(1).Property(Game.Platform),PlayStation Portable)</expression>
    <expression name="PlatformIsPS1">String.IsEqual(Container.ListItem(1).Property(platform),Sony PlayStation) | String.Contains(Window(10000).Property(AEL_Launch_Platform),Sony PlayStation) | String.Contains(Container.ListItem(1).Property(Game.Platform),Sony PlayStation)</expression>
    <expression name="PlatformIsDreamcast">String.Contains(Container.ListItem(1).Property(platform),Dreamcast) | String.Contains(Window(10000).Property(AEL_Launch_Platform),Dreamcast) | String.Contains(Container.ListItem(1).Property(Game.Platform),Dreamcast)</expression>
    <expression name="PlatformIsSaturn">String.Contains(Container.ListItem(1).Property(platform),Saturn) | String.Contains(Window(10000).Property(AEL_Launch_Platform),Saturn) | String.Contains(Container.ListItem(1).Property(Game.Platform),Saturn)</expression>
    <expression name="PlatformIsMasterSystem">String.Contains(Container.ListItem(1).Property(platform),Master System) | String.Contains(Window(10000).Property(AEL_Launch_Platform),Master System) | String.Contains(Container.ListItem(1).Property(Game.Platform),Master System)</expression>
    <expression name="PlatformIsMegadrive">String.Contains(Container.ListItem(1).Property(platform),Megadrive) | String.Contains(Container.ListItem(1).Property(platform),Genesis) | String.Contains(Window(10000).Property(AEL_Launch_Platform),Megadrive) | String.Contains(Container.ListItem(1).Property(Game.Platform),Megadrive)</expression>
    <expression name="PlatformIsGameGear">String.Contains(Container.ListItem(1).Property(platform),Game Gear) | String.Contains(Window(10000).Property(AEL_Launch_Platform),Game Gear) | String.Contains(Container.ListItem(1).Property(Game.Platform),Game Gear)</expression>
    <expression name="PlatformIs32x">String.Contains(Container.ListItem(1).Property(platform),32X) | String.Contains(Window(10000).Property(AEL_Launch_Platform),32X) | String.Contains(Container.ListItem(1).Property(Game.Platform),32X)</expression>

	<!-- Preferred thumb shapes -->	
    <expression name="UsePosterShape">String.IsEqual(Control.GetLabel(5595),poster)</expression>
    <expression name="UseTitanShape">String.IsEqual(Control.GetLabel(5595),titan)</expression>
    <expression name="UseDvdShape">String.IsEqual(Control.GetLabel(5595),dvd)</expression>
    <expression name="UseCdShape">String.IsEqual(Control.GetLabel(5595),cd)</expression>
    <expression name="UseBlurayShape">String.IsEqual(Control.GetLabel(5595),bluray)</expression>
    <expression name="UseWideShape">String.IsEqual(Control.GetLabel(5595),widebox)</expression>
    <expression name="Use3dsShape">String.IsEqual(Control.GetLabel(5595),3dsbox)</expression>
    <expression name="UseSquareShape">String.IsEqual(Control.GetLabel(5595),squarebox)</expression>
    <expression name="UseSlimShape">String.IsEqual(Control.GetLabel(5595),slimbox)</expression>
    <expression name="UseSteamShape">String.IsEqual(Control.GetLabel(5595),steambanner)</expression>
    <expression name="UseScreenshotShape">String.IsEqual(Control.GetLabel(5595),screenshot)</expression>

	<expression name="Widget_Fix">!String.IsEqual(Skin.String(widgetstyle),landscapedetails) | !String.IsEqual(Skin.String(widgetstyle),landscapewidedetails) | !String.IsEqual(Skin.String(widgetstyle),posterdetails) | !String.IsEqual(Skin.String(widgetstyle),widebox) | !String.IsEqual(Skin.String(widgetstyle),singlebox)</expression>
	
	<expression name="widgetselect_home">
		!Control.HasFocus(1505) + 
		!Control.HasFocus(2505) + 
		!Control.HasFocus(3505) + 
		!Control.HasFocus(4505) + 
		!Control.HasFocus(5505) + 
		!Control.HasFocus(6505) + 
		!Control.HasFocus(7505) + 
		!Control.HasFocus(8505) + 
		!Control.HasFocus(9505) + 
		!Control.HasFocus(10505) + 
		!Control.HasFocus(11505) + 
		!Control.HasFocus(12505) + 
		!Control.HasFocus(13505) + 
		!Control.HasFocus(14505) + 
		!Control.HasFocus(15505)
	</expression>
	
	<expression name="widgetid_home">
		!Control.HasFocus(1510) + !Control.HasFocus(1520) + !Control.HasFocus(1530) + !Control.HasFocus(1540) + !Control.HasFocus(1550) + !Control.HasFocus(1560) + !Control.HasFocus(1570) + !Control.HasFocus(1580) + 
		!Control.HasFocus(2510) + !Control.HasFocus(2520) + !Control.HasFocus(2530) + !Control.HasFocus(2540) + !Control.HasFocus(2550) + !Control.HasFocus(2560) + !Control.HasFocus(2570) + !Control.HasFocus(2580) + 
		!Control.HasFocus(3510) + !Control.HasFocus(3520) + !Control.HasFocus(3530) + !Control.HasFocus(3540) + !Control.HasFocus(3550) + !Control.HasFocus(3560) + !Control.HasFocus(3570) + !Control.HasFocus(3580) + 
		!Control.HasFocus(4510) + !Control.HasFocus(4520) + !Control.HasFocus(4530) + !Control.HasFocus(4540) + !Control.HasFocus(4550) + !Control.HasFocus(4560) + !Control.HasFocus(4570) + !Control.HasFocus(4580) + 
		!Control.HasFocus(5510) + !Control.HasFocus(5520) + !Control.HasFocus(5530) + !Control.HasFocus(5540) + !Control.HasFocus(5550) + !Control.HasFocus(5560) + !Control.HasFocus(5570) + !Control.HasFocus(5580) + 
		!Control.HasFocus(6510) + !Control.HasFocus(6520) + !Control.HasFocus(6530) + !Control.HasFocus(6540) + !Control.HasFocus(6550) + !Control.HasFocus(6560) + !Control.HasFocus(6570) + !Control.HasFocus(6580) + 
		!Control.HasFocus(7510) + !Control.HasFocus(7520) + !Control.HasFocus(7530) + !Control.HasFocus(7540) + !Control.HasFocus(7550) + !Control.HasFocus(7560) + !Control.HasFocus(7570) + !Control.HasFocus(7580) + 
		!Control.HasFocus(8510) + !Control.HasFocus(8520) + !Control.HasFocus(8530) + !Control.HasFocus(8540) + !Control.HasFocus(8550) + !Control.HasFocus(8560) + !Control.HasFocus(8570) + !Control.HasFocus(8580) + 
		!Control.HasFocus(9510) + !Control.HasFocus(9520) + !Control.HasFocus(9530) + !Control.HasFocus(9540) + !Control.HasFocus(9550) + !Control.HasFocus(9560) + !Control.HasFocus(9570) + !Control.HasFocus(9580) + 
		!Control.HasFocus(10510) + !Control.HasFocus(10520) + !Control.HasFocus(10530) + !Control.HasFocus(10540) + !Control.HasFocus(10550) + !Control.HasFocus(10560) + !Control.HasFocus(10570) + !Control.HasFocus(10580) + 
		!Control.HasFocus(11510) + !Control.HasFocus(11520) + !Control.HasFocus(11530) + !Control.HasFocus(11540) + !Control.HasFocus(11550) + !Control.HasFocus(11560) + !Control.HasFocus(11570) + !Control.HasFocus(11580) + 
		!Control.HasFocus(12510) + !Control.HasFocus(12520) + !Control.HasFocus(12530) + !Control.HasFocus(12540) + !Control.HasFocus(12550) + !Control.HasFocus(12560) + !Control.HasFocus(12570) + !Control.HasFocus(12580) + 
		!Control.HasFocus(13510) + !Control.HasFocus(13520) + !Control.HasFocus(13530) + !Control.HasFocus(13540) + !Control.HasFocus(13550) + !Control.HasFocus(13560) + !Control.HasFocus(13570) + !Control.HasFocus(13580) + 
		!Control.HasFocus(14510) + !Control.HasFocus(14520) + !Control.HasFocus(14530) + !Control.HasFocus(14540) + !Control.HasFocus(14550) + !Control.HasFocus(14560) + !Control.HasFocus(14570) + !Control.HasFocus(14580) + 
		!Control.HasFocus(15510) + !Control.HasFocus(15520) + !Control.HasFocus(15530) + !Control.HasFocus(15540) + !Control.HasFocus(15550) + !Control.HasFocus(15560) + !Control.HasFocus(15570) + !Control.HasFocus(15580)
	</expression>
	
	<expression name="focus_widgetid_home">
		Control.HasFocus(1510) | Control.HasFocus(1520) | Control.HasFocus(1530) | Control.HasFocus(1540) | Control.HasFocus(1550) | Control.HasFocus(1560) | Control.HasFocus(1570) | Control.HasFocus(1580) | 
		Control.HasFocus(2510) | Control.HasFocus(2520) | Control.HasFocus(2530) | Control.HasFocus(2540) | Control.HasFocus(2550) | Control.HasFocus(2560) | Control.HasFocus(2570) | Control.HasFocus(2580) | 
		Control.HasFocus(3510) | Control.HasFocus(3520) | Control.HasFocus(3530) | Control.HasFocus(3540) | Control.HasFocus(3550) | Control.HasFocus(3560) | Control.HasFocus(3570) | Control.HasFocus(3580) | 
		Control.HasFocus(4510) | Control.HasFocus(4520) | Control.HasFocus(4530) | Control.HasFocus(4540) | Control.HasFocus(4550) | Control.HasFocus(4560) | Control.HasFocus(4570) | Control.HasFocus(4580) | 
		Control.HasFocus(5510) | Control.HasFocus(5520) | Control.HasFocus(5530) | Control.HasFocus(5540) | Control.HasFocus(5550) | Control.HasFocus(5560) | Control.HasFocus(5570) | Control.HasFocus(5580) | 
		Control.HasFocus(6510) | Control.HasFocus(6520) | Control.HasFocus(6530) | Control.HasFocus(6540) | Control.HasFocus(6550) | Control.HasFocus(6560) | Control.HasFocus(6570) | Control.HasFocus(6580) | 
		Control.HasFocus(7510) | Control.HasFocus(7520) | Control.HasFocus(7530) | Control.HasFocus(7540) | Control.HasFocus(7550) | Control.HasFocus(7560) | Control.HasFocus(7570) | Control.HasFocus(7580) | 
		Control.HasFocus(8510) | Control.HasFocus(8520) | Control.HasFocus(8530) | Control.HasFocus(8540) | Control.HasFocus(8550) | Control.HasFocus(8560) | Control.HasFocus(8570) | Control.HasFocus(8580) | 
		Control.HasFocus(9510) | Control.HasFocus(9520) | Control.HasFocus(9530) | Control.HasFocus(9540) | Control.HasFocus(9550) | Control.HasFocus(9560) | Control.HasFocus(9570) | Control.HasFocus(9580) | 
		Control.HasFocus(10510) | Control.HasFocus(10520) | Control.HasFocus(10530) | Control.HasFocus(10540) | Control.HasFocus(10550) | Control.HasFocus(10560) | Control.HasFocus(10570) | Control.HasFocus(10580) | 
		Control.HasFocus(11510) | Control.HasFocus(11520) | Control.HasFocus(11530) | Control.HasFocus(11540) | Control.HasFocus(11550) | Control.HasFocus(11560) | Control.HasFocus(11570) | Control.HasFocus(11580) | 
		Control.HasFocus(12510) | Control.HasFocus(12520) | Control.HasFocus(12530) | Control.HasFocus(12540) | Control.HasFocus(12550) | Control.HasFocus(12560) | Control.HasFocus(12570) | Control.HasFocus(12580) | 
		Control.HasFocus(13510) | Control.HasFocus(13520) | Control.HasFocus(13530) | Control.HasFocus(13540) | Control.HasFocus(13550) | Control.HasFocus(13560) | Control.HasFocus(13570) | Control.HasFocus(13580) | 
		Control.HasFocus(14510) | Control.HasFocus(14520) | Control.HasFocus(14530) | Control.HasFocus(14540) | Control.HasFocus(14550) | Control.HasFocus(14560) | Control.HasFocus(14570) | Control.HasFocus(14580) | 
		Control.HasFocus(15510) | Control.HasFocus(15520) | Control.HasFocus(15530) | Control.HasFocus(15540) | Control.HasFocus(15550) | Control.HasFocus(15560) | Control.HasFocus(15570) | Control.HasFocus(15580)
	</expression>
	
	<expression name="Genre">String.IsEqual(ListItem.DBTYPE,genre) | String.Contains(ListItem.FolderPath, videodb://movies/genres) | String.Contains(ListItem.FolderPath, genres) | String.Contains(ListItem.FolderPath, movie/genre)</expression>
	
	<expression name="IconsColor">[[Window.IsActive(Videos) + !Skin.HasSetting(EnableWhiteRatingInFooter)] | [Window.IsActive(Home) + !Skin.HasSetting(EnableWhiteRatingInHome)] | [Window.IsActive(3017) + !Skin.HasSetting(EnableWhiteRatingInFooter)] | [Window.IsActive(3018) + !Skin.HasSetting(EnableWhiteRatingInFooter)] | [Window.IsActive(favouritesbrowser) + !Skin.HasSetting(EnableWhiteRatingInFooter)] | [!String.IsEmpty(Container(10051).ListItem.Rating) + !Skin.HasSetting(EnableWhiteRatingInFooter)]]</expression>
	
	<expression name="IconsMono">[[Window.IsActive(Videos) + Skin.HasSetting(EnableWhiteRatingInFooter)] | [Window.IsActive(Home) + Skin.HasSetting(EnableWhiteRatingInHome)] | [Window.IsActive(3017) + Skin.HasSetting(EnableWhiteRatingInFooter)] | [Window.IsActive(3018) + Skin.HasSetting(EnableWhiteRatingInFooter)] | [Window.IsActive(favouritesbrowser) + Skin.HasSetting(EnableWhiteRatingInFooter)] | [!String.IsEmpty(Container(10051).ListItem.Rating) + Skin.HasSetting(EnableWhiteRatingInFooter)]]</expression>

</includes>
