<?xml version="1.0" encoding="UTF-8"?>
<window>
	<defaultcontrol>100</defaultcontrol>
	<animation type="WindowClose" reversible="false" condition="!Skin.HasSetting(LowPerformanceMode)">
			<effect type="zoom" start="100" end="80" center="960,540" easing="in" tween="back" time="200"/>
			<effect type="fade" start="100" end="0" time="200"/>
		</animation>
		<animation type="WindowClose" reversible="false" condition="Skin.HasSetting(LowPerformanceMode)">
			<effect type="fade" start="100" end="0" time="150"/>
		</animation>
	<controls>
		<!-- Storage container for the item details -->
		<control type="list" id="10051">
			<top>-3000</top>
			<left>-3000</left>
			<width>1</width>
			<height>1</height>
			<itemlayout/>
			<focusedlayout/>
		</control>
		<!-- background -->
		<control type="image">
			<width>1920</width>
			<height>1080</height>
			<aspectratio>scale</aspectratio>
			<texture>colors/black.png</texture>
			<visible>[!Skin.HasSetting(Enabletransparent) + !Player.HasVideo] | [Skin.HasSetting(Enabletransparent) + !Player.HasVideo] | [!Skin.HasSetting(Enabletransparent) + Player.HasVideo]</visible>
		</control>
		
		<control type="image">
			<width>1920</width>
			<height>1080</height>
			<texture>$VAR[Embuaryinfo_Fanart]</texture>
			<visible>[!Skin.HasSetting(Enabletransparent) + !Player.HasVideo] | [Skin.HasSetting(Enabletransparent) + !Player.HasVideo] | [!Skin.HasSetting(Enabletransparent) + Player.HasVideo]</visible>
		</control>
		<control type="image">
			<width>1920</width>
			<height>1080</height>
			<texture fallback="diffuse/background.png">$INFO[Skin.String(BackgroundOverlayTexture)]</texture>
			<colordiffuse>$VAR[BackgroundOverlayTexture_Colordiffuse]</colordiffuse>
			<aspectratio scalediffuse="false">stretch</aspectratio>
			<visible>[!Skin.HasSetting(Enabletransparent) + !Player.HasVideo] | [Skin.HasSetting(Enabletransparent) + !Player.HasVideo] | [!Skin.HasSetting(Enabletransparent) + Player.HasVideo]</visible>
		</control>
		<control type="image">
			<width>1920</width>
			<height>1080</height>
			<texture>diffuse/background.png</texture>
			<colordiffuse>$INFO[Skin.String(infoplustransparenz)]</colordiffuse>
			<aspectratio scalediffuse="false">stretch</aspectratio>
			<visible>Skin.HasSetting(Enabletransparent) + Player.HasVideo</visible>
		</control>
			
		
		<!-- infos -->
		<control type="grouplist">
			<width>1920</width>
			<height>1080</height>
			<orientation>vertical</orientation>
			<usecontrolcoords>true</usecontrolcoords>
			<scrolltime>200</scrolltime>
			<itemgap>-70</itemgap>
			<!-- Meta -->
			<control type="group">
				<top>70</top>
				<height>480</height>
				<!-- poster -->
				<control type="group">
					<left>70</left>
					<control type="image">
						<width>276</width>
						<height>414</height>
						<texture colordiffuse="$INFO[Skin.String(ViewDetailsBGColor)]">diffuse/poster.png</texture>
						<aspectratio scalediffuse="false">stretch</aspectratio>
						<visible>String.IsEmpty(Container(10051).ListItem.Art(thumb))</visible>
					</control>
					<!-- <control type="image">
						<width>276</width>
						<height>414</height>
						<texture colordiffuse="thumb_background">diffuse/poster.png</texture>
						<aspectratio scalediffuse="false">stretch</aspectratio>
						<visible>!String.IsEmpty(Container(10051).ListItem.Art(thumb))</visible> 
					</control> -->
					<control type="textbox">
						<top>10</top>
						<left>10</left>
						<width>256</width>
						<height>394</height>
						<font>font12</font>
						<textcolor>white</textcolor>
						<align>center</align>
						<aligny>center</aligny>
						<label>$INFO[Container(10051).ListItem.Label]</label>
						<visible>String.IsEmpty(Container(10051).ListItem.Art(thumb))</visible>
					</control>
					<control type="image">
						<width>276</width>
						<height>414</height>
						<texture background="true" diffuse="diffuse/poster.png">$INFO[Container(10051).ListItem.Art(thumb)]</texture>
						<aspectratio scalediffuse="false">scale</aspectratio>
					</control>
					<control type="image">
						<top>2</top>
						<width>274</width>
						<height>26</height>
						<texture>play.png</texture>
						<colordiffuse>$INFO[Skin.String(WatchedIndicator.Watched.Color)]</colordiffuse>
						<aspectratio scalediffuse="false" align="right">keep</aspectratio>
						<visible>!String.IsEmpty(Container(10051).ListItem.DBID)</visible>
					</control>
				</control>
				<!-- meta -->
				<control type="group">
					<top>-10</top>
					<left>370</left>
					<right>70</right>
					<control type="label">
						<right>440</right>
						<height>60</height>
						<label>[B]$INFO[Container(10051).ListItem.Label][/B]</label>
						<font>font14</font>
						<textcolor>$VAR[VDHighlightTextColor]</textcolor>
						<shadowcolor>50000000</shadowcolor>
						<aligny>top</aligny>
					</control>
					<control type="group">
						<top>50</top>
						<right>440</right>
						<height>50</height>
						<control type="grouplist">
							<height>50</height>
							<itemgap>10</itemgap>
							<orientation>horizontal</orientation>
							<control type="label">
								<label>$INFO[Container(10051).ListItem.Year]</label>
								<width>auto</width>
								<font>font12</font>
								<textcolor>$VAR[AdvancedRatings_TextColor]</textcolor>
								<shadowcolor>50000000</shadowcolor>
								<visible>!String.IsEmpty(Container(10051).ListItem.Year)</visible>
							</control>
							<control type="label">
								<label>$INFO[Container(10051).ListItem.Duration(mins),,min]</label>
								<width>auto</width>
								<font>font12</font>
								<textcolor>$VAR[AdvancedRatings_TextColor]</textcolor>
								<shadowcolor>50000000</shadowcolor>
								<visible>Skin.HasSetting(DisableHoursDuration) + !String.IsEmpty(Container(10051).ListItem.Duration)</visible>
							</control>
							<control type="label">
								<label>$INFO[Container(10051).ListItem.Duration(h),,h] $INFO[Container(10051).ListItem.Duration(mm),,min]</label>
								<width>auto</width>
								<font>font12</font>
								<textcolor>$VAR[AdvancedRatings_TextColor]</textcolor>
								<shadowcolor>50000000</shadowcolor>
								<visible>!Skin.HasSetting(DisableHoursDuration) + !String.IsEmpty(Container(10051).ListItem.Duration)</visible>
							</control>
							<control type="label">
								<label>$INFO[Container(10051).ListItem.Season,$ADDON[script.embuary.info 32016]: ]</label>
								<width>auto</width>
								<font>font12</font>
								<textcolor>$VAR[AdvancedRatings_TextColor]</textcolor>
								<shadowcolor>50000000</shadowcolor>
								<visible>!String.IsEmpty(Container(10051).ListItem.Season)</visible>
							</control>
							<control type="label">
								<label>$INFO[Container(10051).ListItem.Episode,$LOCALIZE[20360]: ]</label>
								<width>auto</width>
								<font>font12</font>
								<textcolor>$VAR[AdvancedRatings_TextColor]</textcolor>
								<shadowcolor>50000000</shadowcolor>
								<visible>!String.IsEmpty(Container(10051).ListItem.Episode)</visible>
							</control>
							<control type="button">
								<animation effect="slide" end="0,5" time="0" condition="true">Conditional</animation>
								<width min="24">auto</width>
								<height>44</height>
								<font>font_flag</font>
								<label>[LIGHT]$INFO[Container(10051).ListItem.Mpaa][/LIGHT]</label>
								<textoffsetx>8</textoffsetx>
								<align>center</align>
								<textcolor>$VAR[AdvancedRatings_TextColor]</textcolor>
								<disabledcolor>$VAR[AdvancedRatings_TextColor]</disabledcolor>
								<texturefocus border="2" colordiffuse="$VAR[AdvancedRatings_TextColor]">netflix/frame/slimframe_softedge.png</texturefocus>
								<texturenofocus border="2" colordiffuse="$VAR[AdvancedRatings_TextColor]">netflix/frame/slimframe_softedge.png</texturenofocus>
								<enable>false</enable>
								<visible>!String.IsEmpty(Container(10051).ListItem.Mpaa)</visible>
							</control>
							<control type="image">
								<animation effect="slide" end="8,8" time="0" condition="true">Conditional</animation>
								<width>44</width>
								<height>44</height>
								<texture colordiffuse="$VAR[FooterImageColor]">$VAR[image_themoviedb]</texture>
								<aspectratio>keep</aspectratio>
								<visible>!String.IsEmpty(Container(10051).ListItem.Rating)</visible>
							</control>
							<control type="label">
								<label>$INFO[Container(10051).ListItem.Rating]</label>
								<width>auto</width>
								<font>font12</font>
								<textcolor>$VAR[AdvancedRatings_TextColor]</textcolor>
								<shadowcolor>50000000</shadowcolor>
								<visible>!String.IsEmpty(Container(10051).ListItem.Rating)</visible>
							</control>
							<control type="image">
								<animation effect="slide" end="8,8" time="0" condition="true">Conditional</animation>
								<width>44</width>
								<height>44</height>
								<texture colordiffuse="$VAR[FooterImageColor]">$VAR[image_tomatometerallcritics]</texture>
								<aspectratio>keep</aspectratio>
								<visible>Integer.IsGreaterOrEqual(Container(10051).ListItem.Property(rating.rotten),60)</visible>
							</control>
							<control type="image">
								<animation effect="slide" end="8,8" time="0" condition="true">Conditional</animation>
								<width>44</width>
								<height>44</height>
								<texture colordiffuse="$VAR[FooterImageColor]">$VAR[image_tomatometerallcritics]</texture>
								<aspectratio>keep</aspectratio>
								<visible>!Integer.IsGreaterOrEqual(Container(10051).ListItem.Property(rating.rotten),60)</visible>
								<visible>!String.IsEmpty(Container(10051).ListItem.Property(rating.rotten))</visible>
							</control>
							<control type="label">
								<label>$INFO[Container(10051).ListItem.Property(rating.rotten),,%]</label>
								<width>auto</width>
								<font>font12</font>
								<textcolor>$VAR[AdvancedRatings_TextColor]</textcolor>
								<shadowcolor>50000000</shadowcolor>
								<visible>!String.IsEmpty(Container(10051).ListItem.Property(rating.rotten))</visible>
							</control>
							<control type="image">
								<animation effect="slide" end="8,8" time="0" condition="true">Conditional</animation>
								<width>44</width>
								<height>44</height>
								<texture colordiffuse="$VAR[FooterImageColor]">$VAR[image_metacritic]</texture>
								<aspectratio>keep</aspectratio>
								<visible>!String.IsEmpty(Container(10051).ListItem.Property(rating.metacritic))</visible>
							</control>
							<control type="label">
								<label>$INFO[Container(10051).ListItem.Property(rating.metacritic),,%]</label>
								<width>auto</width>
								<font>font12</font>
								<textcolor>$VAR[AdvancedRatings_TextColor]</textcolor>
								<shadowcolor>50000000</shadowcolor>
								<visible>!String.IsEmpty(Container(10051).ListItem.Property(rating.metacritic))</visible>
							</control>
							<control type="image">
								<animation effect="slide" end="8,8" time="0" condition="true">Conditional</animation>
								<width>44</width>
								<height>44</height>
								<texture colordiffuse="$VAR[FooterImageColor]">$VAR[image_imdb]</texture>
								<aspectratio>keep</aspectratio>
								<visible>!String.IsEmpty(Container(10051).ListItem.Property(rating.imdb))</visible>
							</control>
							<control type="label">
								<label>$INFO[Container(10051).ListItem.Property(rating.imdb)]</label>
								<width>auto</width>
								<font>font12</font>
								<textcolor>$VAR[AdvancedRatings_TextColor]</textcolor>
								<shadowcolor>50000000</shadowcolor>
								<visible>!String.IsEmpty(Container(10051).ListItem.Property(rating.imdb))</visible>
							</control>
						</control>
					</control>
					<!-- buttons -->
					<control type="list" id="100">
						<top>88</top>
						<height>130</height>
						<width>100%</width>
						<orientation>horizontal</orientation>
						<defaultcontrol always="true">0</defaultcontrol>
						<onright>noop</onright>
						<onleft>noop</onleft>
						<ondown>10052</ondown>
						<itemlayout height="130" width="200">
							<control type="group">
								<top>30</top>
								<width>200</width>
								<height>105</height>
								<control type="group">
									<height>62</height>
									<control type="image">
										<texture colordiffuse="$INFO[Skin.String(ButtonColor)]">colors/color_white.png</texture>
										<bordersize>1</bordersize>
										<bordertexture colordiffuse="50ffffff">colors/color_white.png</bordertexture>
									</control>
									<control type="label">
										<height>62</height>
										<align>center</align>
										<aligny>center</aligny>
										<font>font12</font>
										<textcolor>$INFO[Skin.String(ButtonTextColor)]</textcolor>
										<shadowcolor>50000000</shadowcolor>
										<label>$INFO[ListItem.Label]</label>
									</control>
								</control>
							</control>
						</itemlayout>
						<focusedlayout height="130" width="200">
							<control type="group">
								<top>30</top>
								<width>200</width>
								<height>105</height>
								<control type="group">
									<height>62</height>
									<control type="image">
										<texture colordiffuse="$INFO[Skin.String(ButtonFocusColor)]">colors/color_white.png</texture>
										<visible>Control.HasFocus(100)</visible>
									</control>
									<control type="image">
										<texture colordiffuse="$INFO[Skin.String(ButtonColor)]">colors/color_white.png</texture>
										<bordersize>1</bordersize>
										<bordertexture colordiffuse="50ffffff">colors/color_white.png</bordertexture>
										<visible>!Control.HasFocus(100)</visible>
									</control>
									<control type="label">
										<height>62</height>
										<align>center</align>
										<aligny>center</aligny>
										<font>font12</font>
										<textcolor>$INFO[Skin.String(ButtonTextColor)]</textcolor>
										<shadowcolor>50000000</shadowcolor>
										<label>$INFO[ListItem.Label]</label>
										<visible>!Control.HasFocus(100)</visible>
									</control>
									<control type="label">
										<height>62</height>
										<align>center</align>
										<aligny>center</aligny>
										<font>font12</font>
										<textcolor>$INFO[Skin.String(ButtonFocusTextColor)]</textcolor>
										<shadowcolor>50000000</shadowcolor>
										<label>$INFO[ListItem.Label]</label>
										<visible>Control.HasFocus(100)</visible>
									</control>
								</control>
							</control>
						</focusedlayout>
						<content>
							<item>
								<property name="icon">&#xf206;</property>
								<label>$LOCALIZE[15067]</label>
								<onclick>Dialog.Close(all)</onclick>
							</item>
							<item>
								<visible>System.HasAddon(script.embuary.helper)</visible>
								<visible>!String.IsEmpty(Container(10051).ListItem.DBID) + !String.IsEqual(Container(10051).ListItem.Property(call),tv)</visible>
								<label>$LOCALIZE[208]</label>
								<onclick>RunScript(script.embuary.helper,action=playitem,dbid=$INFO[Container(10051).ListItem.DBID])</onclick>
							</item>
							<item>
								<visible>System.HasAddon(script.embuary.helper)</visible>
								<visible>!String.IsEmpty(Container(10051).ListItem.DBID) + String.IsEqual(Container(10051).ListItem.Property(call),tv)</visible>
								<label>$LOCALIZE[1024]</label>
								<onclick>RunScript(script.embuary.helper,action=goto,path='"videodb://tvshows/titles/$INFO[Container(10051).ListItem.DBID]/"',target=videos)</onclick>
							</item>
							<item>
								<visible>System.HasAddon(script.embuary.helper)</visible>
								<visible>!String.IsEmpty(Container(10051).ListItem.Plot)</visible>
								<label>$LOCALIZE[207]</label>
								<onclick>RunScript(script.embuary.helper,action=textviewer,header='$ESCINFO[Container(10051).ListItem.Label]',message='$ESCINFO[Container(10051).ListItem.Plot]')</onclick>
							</item>
						</content>
					</control>
					<!-- plot -->
					<control type="textbox">
						<top>211</top>
						<right>360</right>
						<height max="200">auto</height>
						<align>justify</align>
						<aligny>top</aligny>
						<label fallback="19055">[COLOR $VAR[VDHighlightTextColor]]$INFO[Container(10051).ListItem.Genre,[B]$LOCALIZE[515]:[/B] ,[CR]]$INFO[Container(10051).ListItem.Director,[B]$LOCALIZE[20339]:[/B] ,[CR][CR]][/COLOR]$INFO[Container(10051).ListItem.Tagline,[B],[/B][CR][CR]]$INFO[Container(10051).ListItem.Plot]</label>
						<font>font12</font>
						<textcolor>$VAR[VDTextColor]</textcolor>
						<shadowcolor>50000000</shadowcolor>
						<autoscroll delay="6000" time="3000" repeat="10000">true</autoscroll>
					</control>
					<!-- facts -->
					<control type="group">
						<visible>!String.IsEmpty(Container(10051).ListItem.Premiered) | !String.IsEmpty(Container(10051).ListItem.Property(release)) | !String.IsEmpty(Container(10051).ListItem.Property(Budget)) | !String.IsEmpty(Container(10051).ListItem.Property(Revenue))</visible>
						<top>208</top>
						<right>0</right>
						<width>320</width>
						<control type="label">
							<animation effect="slide" end="0,2" time="0" condition="true">Conditional</animation>
							<width>auto</width>
							<height>40</height>
							<label>[B]$ADDON[script.embuary.info 32008][/B]</label>
							<font>font12</font>
							<aligny>top</aligny>
							<textcolor>$VAR[VDHighlightTextColor]</textcolor>
							<shadowcolor>50000000</shadowcolor>
						</control>
						<control type="textbox">
							<top>3</top>
							<right>0</right>
							<height>200</height>
							<align>left</align>
							<aligny>top</aligny>
							<label>$INFO[Container(10051).ListItem.Premiered,[CR]$ADDON[script.embuary.info 32011]:   ]$INFO[Container(10051).ListItem.Property(release),[CR]$ADDON[script.embuary.info 32012]:   ]$INFO[Container(10051).ListItem.Property(Budget),[CR]$ADDON[script.embuary.info 32013]:   $]$INFO[Container(10051).ListItem.Property(Revenue),[CR]$ADDON[script.embuary.info 32014]:   $]</label>
							<font>font12</font>
							<textcolor>$VAR[VDTextColor]</textcolor>
							<shadowcolor>50000000</shadowcolor>
							<autoscroll>false</autoscroll>
							<animation type="Conditional" reversible="false" condition="!String.IsEmpty(Container(10051).ListItem.Property(awards))" loop="true">
								<effect type="fade" start="0" end="100" time="250" delay="0" />
								<effect type="fade" start="100" end="0" time="250" delay="5000" />
								<effect type="fade" start="100" end="0" time="250" delay="10000" />
							</animation>
						</control>
						<control type="textbox">
							<top>3</top>
							<right>0</right>
							<height>200</height>
							<align>left</align>
							<aligny>top</aligny>
							<label>$INFO[Container(10051).ListItem.Property(awards),[CR]$ADDON[script.embuary.info 32015]:   ]</label>
							<font>font12</font>
							<textcolor>$VAR[VDTextColor]</textcolor>
							<shadowcolor>50000000</shadowcolor>
							<autoscroll>false</autoscroll>
							<animation type="Conditional" reversible="false" condition="!String.IsEmpty(Container(10051).ListItem.Property(awards))" loop="true">
								<effect type="fade" start="0" end="100" time="250" delay="5250" />
								<effect type="fade" start="100" end="0" time="250" delay="10000" />
							</animation>
						</control>
					</control>
				</control>
				<!-- logo -->
				<control type="image">
					<right>70</right>
					<width>400</width>
					<height>155</height>
					<texture>tmdb.png</texture>
					<aspectratio align="right">keep</aspectratio>
				</control>
			</control>

			<!-- cast -->
			<control type="group">
				<visible>true</visible>
				<visible>Integer.IsGreater(Container(10052).NumItems,0) | Container(10052).IsUpdating</visible>
				<width>100%</width>
				<height>581</height>
				<control type="group">
					<control type="label">
						<left>65</left>
						<top>23</top>
						<height>87</height>
						<width>auto</width>
						<font>font13</font>
						<align>left</align>
						<aligny>center</aligny>
						<label>$LOCALIZE[206]</label>
						<textcolor>ffffffff</textcolor>
						<shadowcolor>50000000</shadowcolor>
					</control>
					<control type="fixedlist" id="10052">
						<movement>6</movement>
						<top>30</top>
						<width>100%</width>
						<scrolltime>150</scrolltime>
						<orientation>horizontal</orientation>
						<ondown>10053</ondown>
						<onup>100</onup>
						<itemlayout width="257">
							<control type="group">
								<left>70</left>
								<top>64</top>
								<control type="image">
									<width>237</width>
									<height>355</height>
									<texture colordiffuse="$INFO[Skin.String(ViewDetailsBGColor)]">diffuse/poster.png</texture>
									<aspectratio scalediffuse="false">stretch</aspectratio>
									<visible>String.IsEmpty(ListItem.Art(thumb))</visible>
								</control>
								<control type="textbox">
									<top>10</top>
									<left>10</left>
									<width>217</width>
									<height>335</height>
									<font>font13</font>
									<textcolor>ffffffff</textcolor>
									<shadowcolor>50000000</shadowcolor>
									<align>center</align>
									<aligny>center</aligny>
									<label>$INFO[ListItem.Label]</label>
									<visible>String.IsEmpty(ListItem.Art(thumb))</visible>
								</control>
								<control type="image">
									<width>237</width>
									<height>355</height>
									<texture background="true" diffuse="diffuse/poster.png">$INFO[ListItem.Art(thumb)]</texture>
									<aspectratio scalediffuse="false">stretch</aspectratio>
								</control>
								<control type="label">
									<top>363</top>
									<height>50</height>
									<width>237</width>
									<font>font12</font>
									<textcolor>ffffffff</textcolor>
									<shadowcolor>50000000</shadowcolor>
									<scroll>false</scroll>
									<label>$INFO[ListItem.Label]</label>
								</control>
								<control type="label">
									<top>397</top>
									<height>50</height>
									<width>237</width>
									<font>font12</font>
									<textcolor>ffffffff</textcolor>
									<shadowcolor>50000000</shadowcolor>
									<scroll>false</scroll>
									<label>$INFO[ListItem.Label2]</label>
								</control>
							</control>
						</itemlayout>
						<focusedlayout width="257">
							<control type="group">
								<left>70</left>
								<top>64</top>
								<control type="image">
									<top>-3</top>
									<left>-3</left>
									<width>243</width>
									<height>361</height>
									<texture  colordiffuse="$VAR[HomeVDBorderFocusColor]">diffuse/poster.png</texture>
									<aspectratio>stretch</aspectratio>
									<visible>Control.HasFocus(10052)</visible>
								</control>
								<control type="image">
									<width>237</width>
									<height>355</height>
									<texture colordiffuse="$INFO[Skin.String(ViewDetailsBGColor)]">diffuse/poster.png</texture>
									<aspectratio scalediffuse="false">stretch</aspectratio>
									<visible>String.IsEmpty(ListItem.Art(thumb))</visible>
								</control>
								<control type="textbox">
									<top>10</top>
									<left>10</left>
									<width>217</width>
									<height>335</height>
									<font>font13</font>
									<textcolor>ffffffff</textcolor>
									<shadowcolor>50000000</shadowcolor>
									<align>center</align>
									<aligny>center</aligny>
									<label>$INFO[ListItem.Label]</label>
									<visible>String.IsEmpty(ListItem.Art(thumb))</visible>
								</control>
								<control type="image">
									<width>237</width>
									<height>355</height>
									<texture background="true" diffuse="diffuse/poster.png">$INFO[ListItem.Art(thumb)]</texture>
									<aspectratio scalediffuse="false">stretch</aspectratio>
								</control>
								<control type="label">
									<top>363</top>
									<height>50</height>
									<width>237</width>
									<font>font12</font>
									<textcolor>ffffffff</textcolor>
									<shadowcolor>50000000</shadowcolor>
									<label>$INFO[ListItem.Label]</label>
									<scroll>false</scroll>
									<visible>!Control.HasFocus(10052)</visible>
								</control>
								<control type="label">
									<top>363</top>
									<height>50</height>
									<width>237</width>
									<font>font12</font>
									<textcolor>$VAR[VDHighlightTextColor]</textcolor>
									<shadowcolor>50000000</shadowcolor>
									<label>$INFO[ListItem.Label]</label>
									<scroll>true</scroll>
									<visible>Control.HasFocus(10052)</visible>
								</control>
								<control type="label">
									<top>397</top>
									<height>50</height>
									<width>237</width>
									<font>font12</font>
									<textcolor>ffffffff</textcolor>
									<shadowcolor>50000000</shadowcolor>
									<label>$INFO[ListItem.Label2]</label>
									<scroll>false</scroll>
									<visible>!Control.HasFocus(10052)</visible>
								</control>
								<control type="label">
									<top>397</top>
									<height>50</height>
									<width>237</width>
									<font>font12</font>
									<textcolor>ffffffff</textcolor>
									<shadowcolor>50000000</shadowcolor>
									<label>$INFO[ListItem.Label2]</label>
									<scroll>true</scroll>
									<visible>Control.HasFocus(10052)</visible>
								</control>
							</control>
						</focusedlayout>
					</control>
				</control>
			</control>

			<!-- similar -->
			<control type="group">
				<visible>true</visible>
				<visible>Integer.IsGreater(Container(10053).NumItems,0) | Container(10052).IsUpdating</visible>
				<width>100%</width>
				<height>581</height>
				<control type="group">
					<control type="label">
						<left>65</left>
						<top>23</top>
						<height>87</height>
						<width>auto</width>
						<font>font13</font>
						<align>left</align>
						<aligny>center</aligny>
						<label>$ADDON[script.embuary.info 32009]</label>
						<textcolor>ffffffff</textcolor>
						<shadowcolor>50000000</shadowcolor>
					</control>
					<control type="fixedlist" id="10053">
						<movement>6</movement>
						<top>30</top>
						<width>100%</width>
						<scrolltime>150</scrolltime>
						<orientation>horizontal</orientation>
						<ondown>10054</ondown>
						<onup>10052</onup>
						<itemlayout width="257">
							<control type="group">
								<left>70</left>
								<top>64</top>
								<control type="image">
									<width>237</width>
									<height>355</height>
									<texture colordiffuse="$INFO[Skin.String(ViewDetailsBGColor)]">diffuse/poster.png</texture>
									<aspectratio scalediffuse="false">stretch</aspectratio>
									<visible>String.IsEmpty(ListItem.Art(thumb))</visible>
								</control>
								<control type="textbox">
									<top>10</top>
									<left>10</left>
									<width>217</width>
									<height>335</height>
									<font>font13</font>
									<textcolor>ffffffff</textcolor>
									<shadowcolor>50000000</shadowcolor>
									<align>center</align>
									<aligny>center</aligny>
									<label>$INFO[ListItem.Label]</label>
									<visible>String.IsEmpty(ListItem.Art(thumb))</visible>
								</control>
								<control type="image">
									<width>237</width>
									<height>355</height>
									<texture background="true" diffuse="diffuse/poster.png">$INFO[ListItem.Art(thumb)]</texture>
									<aspectratio scalediffuse="false">stretch</aspectratio>
								</control>
								<control type="image">
									<top>2</top>
									<width>235</width>
									<height>26</height>
									<texture>play.png</texture>
									<colordiffuse>$INFO[Skin.String(WatchedIndicator.Watched.Color)]</colordiffuse>
									<aspectratio scalediffuse="false" align="right">keep</aspectratio>
									<visible>!String.IsEmpty(ListItem.DBID)</visible>
								</control>
								<control type="label">
									<top>363</top>
									<height>50</height>
									<width>237</width>
									<font>font12</font>
									<textcolor>ffffffff</textcolor>
									<shadowcolor>50000000</shadowcolor>
									<scroll>false</scroll>
									<label>$INFO[ListItem.Label]</label>
								</control>
								<control type="label">
									<top>397</top>
									<height>50</height>
									<width>237</width>
									<font>font12</font>
									<textcolor>ffffffff</textcolor>
									<shadowcolor>50000000</shadowcolor>
									<scroll>false</scroll>
									<label>$INFO[ListItem.Year]</label>
								</control>
							</control>
						</itemlayout>
						<focusedlayout width="257">
							<control type="group">
								<left>70</left>
								<top>64</top>
								<control type="image">
									<top>-3</top>
									<left>-3</left>
									<width>243</width>
									<height>361</height>
									<texture  colordiffuse="$VAR[HomeVDBorderFocusColor]">diffuse/poster.png</texture>
									<aspectratio>stretch</aspectratio>
									<visible>Control.HasFocus(10053)</visible>
								</control>
								<control type="image">
									<width>237</width>
									<height>355</height>
									<texture colordiffuse="$INFO[Skin.String(ViewDetailsBGColor)]">diffuse/poster.png</texture>
									<aspectratio scalediffuse="false">stretch</aspectratio>
									<visible>String.IsEmpty(ListItem.Art(thumb))</visible>
								</control>
								<control type="textbox">
									<top>10</top>
									<left>10</left>
									<width>217</width>
									<height>335</height>
									<font>font13</font>
									<textcolor>ffffffff</textcolor>
									<shadowcolor>50000000</shadowcolor>
									<align>center</align>
									<aligny>center</aligny>
									<label>$INFO[ListItem.Label]</label>
									<visible>String.IsEmpty(ListItem.Art(thumb))</visible>
								</control>
								<control type="image">
									<width>237</width>
									<height>355</height>
									<texture background="true" diffuse="diffuse/poster.png">$INFO[ListItem.Art(thumb)]</texture>
									<aspectratio scalediffuse="false">stretch</aspectratio>
								</control>
								<control type="image">
									<top>2</top>
									<width>235</width>
									<height>26</height>
									<texture>play.png</texture>
									<colordiffuse>$INFO[Skin.String(WatchedIndicator.Watched.Color)]</colordiffuse>
									<aspectratio scalediffuse="false" align="right">keep</aspectratio>
									<visible>!String.IsEmpty(ListItem.DBID)</visible>
								</control>
								<control type="label">
									<top>363</top>
									<height>50</height>
									<width>237</width>
									<font>font12</font>
									<textcolor>ffffffff</textcolor>
									<shadowcolor>50000000</shadowcolor>
									<scroll>false</scroll>
									<label>$INFO[ListItem.Label]</label>
									<visible>!Control.HasFocus(10053)</visible>
								</control>
								<control type="label">
									<top>363</top>
									<height>50</height>
									<width>237</width>
									<font>font12</font>
									<textcolor>$VAR[VDHighlightTextColor]</textcolor>
									<shadowcolor>50000000</shadowcolor>
									<label>$INFO[ListItem.Label]</label>
									<scroll>true</scroll>
									<visible>Control.HasFocus(10053)</visible>
								</control>
								<control type="label">
									<top>397</top>
									<height>50</height>
									<width>237</width>
									<font>font12</font>
									<textcolor>ffffffff</textcolor>
									<shadowcolor>50000000</shadowcolor>
									<scroll>false</scroll>
									<label>$INFO[ListItem.Year]</label>
								</control>
							</control>
						</focusedlayout>
					</control>
				</control>
			</control>

			<!-- youtube -->
			<control type="group">
				<visible>true</visible>
				<visible>Integer.IsGreater(Container(10054).NumItems,0) | Container(10054).IsUpdating</visible>
				<width>100%</width>
				<height>468</height>
				<control type="group">
					<control type="label">
						<left>65</left>
						<top>23</top>
						<height>87</height>
						<width>auto</width>
						<font>font13</font>
						<align>left</align>
						<aligny>center</aligny>
						<label>YouTube</label>
						<textcolor>ffffffff</textcolor>
						<shadowcolor>50000000</shadowcolor>
					</control>
					<control type="fixedlist" id="10054">
						<movement>3</movement>
						<top>30</top>
						<width>100%</width>
						<scrolltime>150</scrolltime>
						<orientation>horizontal</orientation>
						<ondown>10055</ondown>
						<onup>10053</onup>
						<itemlayout width="450">
							<control type="group">
								<left>70</left>
								<top>64</top>
								<control type="image">
									<width>430</width>
									<height>242</height>
									<texture colordiffuse="$INFO[Skin.String(ViewDetailsBGColor)]">diffuse/landscape.png</texture>
									<aspectratio scalediffuse="false">stretch</aspectratio>
									<visible>String.IsEmpty(ListItem.Art(thumb))</visible>
								</control>
								<control type="textbox">
									<top>10</top>
									<left>10</left>
									<width>410</width>
									<height>222</height>
									<font>font13</font>
									<textcolor>ffffffff</textcolor>
									<shadowcolor>50000000</shadowcolor>
									<align>center</align>
									<aligny>center</aligny>
									<label>$INFO[ListItem.Label]</label>
									<visible>String.IsEmpty(ListItem.Art(thumb))</visible>
								</control>
								<control type="image">
									<width>430</width>
									<height>242</height>
									<texture background="true" diffuse="diffuse/landscape.png">$INFO[ListItem.Art(thumb)]</texture>
									<aspectratio scalediffuse="false">scale</aspectratio>
								</control>
								<control type="label">
									<top>250</top>
									<height>50</height>
									<width>430</width>
									<font>font12</font>
									<textcolor>ffffffff</textcolor>
									<shadowcolor>50000000</shadowcolor>
									<scroll>false</scroll>
									<label>$INFO[ListItem.Label]</label>
								</control>
								<control type="label">
									<top>284</top>
									<height>50</height>
									<width>430</width>
									<font>font12</font>
									<textcolor>ffffffff</textcolor>
									<shadowcolor>50000000</shadowcolor>
									<label>$INFO[ListItem.Label2]</label>
									<scroll>false</scroll>
								</control>
							</control>
						</itemlayout>
						<focusedlayout width="450">
							<control type="group">
								<left>70</left>
								<top>64</top>
								<control type="image">
									<left>-3</left>
									<top>-3</top>
									<width>436</width>
									<height>248</height>
									<texture colordiffuse="$VAR[HomeVDBorderFocusColor]">diffuse/landscape.png</texture>
									<aspectratio>stretch</aspectratio>
									<visible>Control.HasFocus(10054)</visible>
								</control>
								<control type="image">
									<width>430</width>
									<height>242</height>
									<texture colordiffuse="$INFO[Skin.String(ViewDetailsBGColor)]">diffuse/landscape.png</texture>
									<aspectratio scalediffuse="false">stretch</aspectratio>
									<visible>String.IsEmpty(ListItem.Art(thumb))</visible>
								</control>
								<control type="textbox">
									<top>10</top>
									<left>10</left>
									<width>410</width>
									<height>222</height>
									<font>font13</font>
									<textcolor>ffffffff</textcolor>
									<shadowcolor>50000000</shadowcolor>
									<align>center</align>
									<aligny>center</aligny>
									<label>$INFO[ListItem.Label]</label>
									<visible>String.IsEmpty(ListItem.Art(thumb))</visible>
								</control>
								<control type="image">
									<width>430</width>
									<height>242</height>
									<texture background="true" diffuse="diffuse/landscape.png">$INFO[ListItem.Art(thumb)]</texture>
									<aspectratio scalediffuse="false">scale</aspectratio>
								</control>
								<control type="label">
									<top>250</top>
									<height>50</height>
									<width>430</width>
									<font>font12</font>
									<textcolor>ffffffff</textcolor>
									<shadowcolor>50000000</shadowcolor>
									<label>$INFO[ListItem.Label]</label>
									<scroll>false</scroll>
									<visible>!Control.HasFocus(10054)</visible>
								</control>
								<control type="label">
									<top>250</top>
									<height>50</height>
									<width>430</width>
									<font>font12</font>
									<textcolor>$VAR[VDHighlightTextColor]</textcolor>
									<shadowcolor>50000000</shadowcolor>
									<label>$INFO[ListItem.Label]</label>
									<scroll>true</scroll>
									<visible>Control.HasFocus(10054)</visible>
								</control>
								<control type="label">
									<top>284</top>
									<height>50</height>
									<width>430</width>
									<font>font12</font>
									<textcolor>ffffffff</textcolor>
									<shadowcolor>50000000</shadowcolor>
									<label>$INFO[ListItem.Label2]</label>
									<scroll>false</scroll>
								</control>
							</control>
						</focusedlayout>
					</control>
				</control>
			</control>

			<!-- images -->
			<control type="group">
				<visible>true</visible>
				<visible>Integer.IsGreater(Container(10055).NumItems,0) | Container(10055).IsUpdating</visible>
				<width>100%</width>
				<height>468</height>
				<control type="group">
					<control type="label">
						<left>65</left>
						<top>23</top>
						<height>87</height>
						<width>auto</width>
						<font>font13</font>
						<align>left</align>
						<aligny>center</aligny>
						<label>$ADDON[script.embuary.info 32010]</label>
						<textcolor>ffffffff</textcolor>
						<shadowcolor>50000000</shadowcolor>
					</control>
					<control type="fixedlist" id="10055">
						<movement>3</movement>
						<top>30</top>
						<width>100%</width>
						<scrolltime>150</scrolltime>
						<orientation>horizontal</orientation>
						<ondown>10056</ondown>
						<onup>10054</onup>
						<itemlayout width="450">
							<control type="group">
								<left>70</left>
								<top>64</top>
								<control type="image">
									<width>430</width>
									<height>242</height>
									<texture colordiffuse="$INFO[Skin.String(ViewDetailsBGColor)]">diffuse/landscape.png</texture>
									<aspectratio scalediffuse="false">stretch</aspectratio>
									<visible>String.IsEmpty(ListItem.Art(thumb))</visible>
								</control>
								<control type="textbox">
									<top>10</top>
									<left>10</left>
									<width>410</width>
									<height>222</height>
									<font>font13</font>
									<textcolor>ffffffff</textcolor>
									<shadowcolor>50000000</shadowcolor>
									<align>center</align>
									<aligny>center</aligny>
									<label>$INFO[ListItem.Label]</label>
									<visible>String.IsEmpty(ListItem.Art(thumb))</visible>
								</control>
								<control type="image">
									<width>430</width>
									<height>242</height>
									<texture background="true" diffuse="diffuse/landscape.png">$INFO[ListItem.Art(thumb)]</texture>
									<aspectratio scalediffuse="false">scale</aspectratio>
								</control>
								<control type="label">
									<top>250</top>
									<height>50</height>
									<width>430</width>
									<font>font12</font>
									<textcolor>ffffffff</textcolor>
									<shadowcolor>50000000</shadowcolor>
									<scroll>false</scroll>
									<label>$INFO[ListItem.Label]</label>
								</control>
							</control>
						</itemlayout>
						<focusedlayout width="450">
							<control type="group">
								<left>70</left>
								<top>64</top>
								<control type="image">
									<left>-3</left>
									<top>-3</top>
									<width>436</width>
									<height>248</height>
									<texture colordiffuse="$VAR[HomeVDBorderFocusColor]">diffuse/landscape.png</texture>
									<aspectratio>stretch</aspectratio>
									<visible>Control.HasFocus(10055)</visible>
								</control>
								<control type="image">
									<width>430</width>
									<height>242</height>
									<texture colordiffuse="$INFO[Skin.String(ViewDetailsBGColor)]">diffuse/landscape.png</texture>
									<aspectratio scalediffuse="false">stretch</aspectratio>
									<visible>String.IsEmpty(ListItem.Art(thumb))</visible>
								</control>
								<control type="textbox">
									<top>10</top>
									<left>10</left>
									<width>410</width>
									<height>222</height>
									<font>font13</font>
									<textcolor>ffffffff</textcolor>
									<shadowcolor>50000000</shadowcolor>
									<align>center</align>
									<aligny>center</aligny>
									<label>$INFO[ListItem.Label]</label>
									<visible>String.IsEmpty(ListItem.Art(thumb))</visible>
								</control>
								<control type="image">
									<width>430</width>
									<height>242</height>
									<texture background="true" diffuse="diffuse/landscape.png">$INFO[ListItem.Art(thumb)]</texture>
									<aspectratio scalediffuse="false">scale</aspectratio>
								</control>
								<control type="label">
									<top>250</top>
									<height>50</height>
									<width>430</width>
									<font>font12</font>
									<textcolor>ffffffff</textcolor>
									<shadowcolor>50000000</shadowcolor>
									<label>$INFO[ListItem.Label]</label>
									<scroll>false</scroll>
									<visible>!Control.HasFocus(10055)</visible>
								</control>
								<control type="label">
									<top>250</top>
									<height>50</height>
									<width>430</width>
									<font>font12</font>
									<textcolor>$VAR[VDHighlightTextColor]</textcolor>
									<shadowcolor>50000000</shadowcolor>
									<label>$INFO[ListItem.Label]</label>
									<scroll>true</scroll>
									<visible>Control.HasFocus(10055)</visible>
								</control>
							</control>
						</focusedlayout>
					</control>
				</control>
			</control>

			<!-- crew -->
			<control type="group">
				<visible>true</visible>
				<visible>Integer.IsGreater(Container(10056).NumItems,0) | Container(10056).IsUpdating</visible>
				<width>100%</width>
				<height>581</height>
				<control type="group">
					<control type="label">
						<left>65</left>
						<top>23</top>
						<height>87</height>
						<width>auto</width>
						<font>font13</font>
						<align>left</align>
						<aligny>center</aligny>
						<label>$ADDON[script.embuary.info 32018]</label>
						<textcolor>ffffffff</textcolor>
						<shadowcolor>50000000</shadowcolor>
					</control>
					<control type="fixedlist" id="10056">
						<movement>6</movement>
						<top>30</top>
						<width>100%</width>
						<scrolltime>150</scrolltime>
						<orientation>horizontal</orientation>
						<ondown>noop</ondown>
						<onup>10055</onup>
						<itemlayout width="257">
							<control type="group">
								<left>70</left>
								<top>64</top>
								<control type="image">
									<width>237</width>
									<height>355</height>
									<texture colordiffuse="$INFO[Skin.String(ViewDetailsBGColor)]">diffuse/poster.png</texture>
									<aspectratio scalediffuse="false">stretch</aspectratio>
									<visible>String.IsEmpty(ListItem.Art(thumb))</visible>
								</control>
								<control type="textbox">
									<top>10</top>
									<left>10</left>
									<width>217</width>
									<height>335</height>
									<font>font13</font>
									<textcolor>ffffffff</textcolor>
									<shadowcolor>50000000</shadowcolor>
									<align>center</align>
									<aligny>center</aligny>
									<label>$INFO[ListItem.Label]</label>
									<visible>String.IsEmpty(ListItem.Art(thumb))</visible>
								</control>
								<control type="image">
									<width>237</width>
									<height>355</height>
									<texture background="true" diffuse="diffuse/poster.png">$INFO[ListItem.Art(thumb)]</texture>
									<aspectratio scalediffuse="false">stretch</aspectratio>
								</control>
								<control type="label">
									<top>363</top>
									<height>50</height>
									<width>237</width>
									<font>font12</font>
									<textcolor>ffffffff</textcolor>
									<shadowcolor>50000000</shadowcolor>
									<scroll>false</scroll>
									<label>$INFO[ListItem.Label]</label>
								</control>
								<control type="label">
									<top>397</top>
									<height>50</height>
									<width>237</width>
									<font>font12</font>
									<textcolor>ffffffff</textcolor>
									<shadowcolor>50000000</shadowcolor>
									<scroll>false</scroll>
									<label>$INFO[ListItem.Label2]</label>
								</control>
							</control>
						</itemlayout>
						<focusedlayout width="257">
							<control type="group">
								<left>70</left>
								<top>64</top>
								<control type="image">
									<top>-3</top>
									<left>-3</left>
									<width>243</width>
									<height>361</height>
									<texture  colordiffuse="$VAR[HomeVDBorderFocusColor]">diffuse/poster.png</texture>
									<aspectratio>stretch</aspectratio>
									<visible>Control.HasFocus(10056)</visible>
								</control>
								<control type="image">
									<width>237</width>
									<height>355</height>
									<texture colordiffuse="$INFO[Skin.String(ViewDetailsBGColor)]">diffuse/poster.png</texture>
									<aspectratio scalediffuse="false">stretch</aspectratio>
									<visible>String.IsEmpty(ListItem.Art(thumb))</visible>
								</control>
								<control type="textbox">
									<top>10</top>
									<left>10</left>
									<width>217</width>
									<height>335</height>
									<font>font13</font>
									<textcolor>ffffffff</textcolor>
									<shadowcolor>50000000</shadowcolor>
									<align>center</align>
									<aligny>center</aligny>
									<label>$INFO[ListItem.Label]</label>
									<visible>String.IsEmpty(ListItem.Art(thumb))</visible>
								</control>
								<control type="image">
									<width>237</width>
									<height>355</height>
									<texture background="true" diffuse="diffuse/poster.png">$INFO[ListItem.Art(thumb)]</texture>
									<aspectratio scalediffuse="false">stretch</aspectratio>
								</control>
								<control type="label">
									<top>363</top>
									<height>50</height>
									<width>237</width>
									<font>font12</font>
									<textcolor>ffffffff</textcolor>
									<shadowcolor>50000000</shadowcolor>
									<label>$INFO[ListItem.Label]</label>
									<scroll>false</scroll>
									<visible>!Control.HasFocus(10056)</visible>
								</control>
								<control type="label">
									<top>363</top>
									<height>50</height>
									<width>237</width>
									<font>font12</font>
									<textcolor>$VAR[VDHighlightTextColor]</textcolor>
									<shadowcolor>50000000</shadowcolor>
									<label>$INFO[ListItem.Label]</label>
									<scroll>true</scroll>
									<visible>Control.HasFocus(10056)</visible>
								</control>
								<control type="label">
									<top>397</top>
									<height>50</height>
									<width>237</width>
									<font>font12</font>
									<textcolor>ffffffff</textcolor>
									<shadowcolor>50000000</shadowcolor>
									<label>$INFO[ListItem.Label2]</label>
									<scroll>false</scroll>
									<visible>!Control.HasFocus(10056)</visible>
								</control>
								<control type="label">
									<top>397</top>
									<height>50</height>
									<width>237</width>
									<font>font12</font>
									<textcolor>ffffffff</textcolor>
									<shadowcolor>50000000</shadowcolor>
									<label>$INFO[ListItem.Label2]</label>
									<scroll>true</scroll>
									<visible>Control.HasFocus(10056)</visible>
								</control>
							</control>
						</focusedlayout>
					</control>
				</control>
			</control>
		</control>

	</controls>
</window>
