<?xml version="1.0" encoding="UTF-8"?>
<window>
    <defaultcontrol always="true">23</defaultcontrol>
		<onunload>Dialog.Close(all)</onunload>
	<controls>
		<control type="group" id="576757">
			<left>310</left>
            <top>90</top>
            <width>1100</width>
            <height>735</height>
            <control type="image">
                    <left>0</left>
                    <top>0</top>
                    <width>1100</width>
                    <height>740</height>
                    <texture border="15">diffuse/bgpanel.png</texture>
					<colordiffuse>$INFO[Skin.String(DialogFrameColor)]</colordiffuse>
            </control>
			 <control type="image">
                    <left>0</left>
                    <top>0</top>
                    <width>1100</width>
                    <height>740</height>
                    <texture border="15">diffuse/bgpanel.png</texture>
					<colordiffuse>$INFO[Skin.String(SideBladePanelColor)]</colordiffuse>
					<bordersize>10</bordersize>
            </control>
            <control type="image">
                    <description>Dialog Header image</description>
                    <left>40</left>
                    <top>16</top>
                    <width>1000</width>
                    <height>40</height>
                    <texture>diffuse/bgpanel.png</texture>
					<colordiffuse>$INFO[Skin.String(GeneralPanelsColor)]</colordiffuse>
            </control>
            <control type="label" id="1">
                    <description>header label</description>
                    
                    <top>20</top>
                    <width>1000</width>
                    <height>30</height>
                    <font>Bold32</font>
					<textcolor>$INFO[Skin.String(GeneralTextColor)]</textcolor>
                    <label>$ADDON[script.service.gto 30104]</label>
                    <align>center</align>
                    <aligny>center</aligny>
            </control>
            <control type="label">
                      
                      <top>70</top>
                      <width>1000</width>
                      <height>36</height>
                      <font>Reg28</font>
                      <label>$INFO[Window(Home).Property(GTO.Info.Title)]</label>
                      <align>center</align>
                      <aligny>center</aligny>
            </control>
            <!--control type="button" id="855655">
                    <description>Close Window button</description>
                    <left>585</left>
                    <top>20</top>
                    <width>64</width>
                    <height>32</height>
                    <label></label>
                    <font></font>
                    <onclick>PreviousMenu</onclick>
                    <texturefocus>DialogCloseButton-focus.png</texturefocus>
                    <texturenofocus>DialogCloseButton.png</texturenofocus>
                    <onleft>23</onleft>
                    <onright>23</onright>
                    <onup>23</onup>
                    <ondown>23</ondown>
                    <visible>system.getbool(input.enablemouse)</visible>
            </control-->
            <control type="image">
                      <left>30</left>
                      <top>120</top>
                      <width>260</width>
                      <height>195</height>
                      <aspectratio>keep</aspectratio>
                      <texture border="1">$INFO[Window(Home).Property(GTO.Info.Picture)]</texture>
            </control>
            <control type="group">
                <left>320</left>
                <top>135</top>
                <width>450</width>
                <control type="label">
                        <description>Channel</description>
                        <top>0</top>
                        <height>20</height>
                        <font>Light28</font>
                        <label>[B]Sender:[/B] $INFO[Window(Home).Property(GTO.Info.Channel)]</label>
                        <align>left</align>
                        <aligny>center</aligny>
                </control>
                <control type="label">
                        <description>Genre</description>
                        <top>30</top>
                        <height>20</height>
                        <font>Light28</font>
                        <label>[B]Genre:[/B] $INFO[Window(Home).Property(GTO.Info.Genre)]</label>
                        <align>left</align>
                        <aligny>center</aligny>
                </control>
                <control type="label">
                        <description>Start, End</description>
                        <top>60</top>
                        <height>20</height>
                        <font>Light28</font>
			<label>[B]Uhrzeit:[/B] $INFO[Window(Home).Property(GTO.Info.Date)] - $INFO[Window(Home).Property(GTO.Info.EndTime)]</label>
                        <align>left</align>
                        <aligny>center</aligny>
                </control>
                <control type="label">
                        <top>90</top>
                        <height>20</height>
                        <font>Light28</font>
                        <label>[B]Dauer:[/B] $INFO[Window(Home).Property(GTO.Info.RunTime)] min</label>
                        <align>left</align>
                        <aligny>center</aligny>
                </control>
            </control>
            <control type="image">
                    <left>850</left>
                    <top>130</top>
                    <width>120</width>
                    <height>80</height>
                    <aspectratio>keep</aspectratio>
                    <texture border="1">$INFO[Window(Home).Property(GTO.Info.Logo)]</texture>
            </control>
            <control type="textbox">
                    <left>320</left>
                    <top>250</top>
                    <width>700</width>
                    <height>100</height>
                    <font>Light28</font>
                    <scrolltime>200</scrolltime>
                    <autoscroll delay="5000" time="5000" repeat="10000">!IsEmpty(Window(Home).Property(GTO.Info.Cast))</autoscroll>
                    <label>[B]$LOCALIZE[206]:[/B] $INFO[Window(Home).Property(GTO.Info.Cast)]</label>
                    <align>left</align>
            </control>
            <control type="textbox">
                    <left>30</left>
                    <top>370</top>
                    <width>1000</width>
                    <height>240</height>
                    <font>Light28</font>
                    <textcolor>white</textcolor>
                    <shadowcolor>black</shadowcolor>
                    <selectedcolor>green</selectedcolor>
                    <align>justify</align>
                    <scrolltime>200</scrolltime>
                    <autoscroll delay="5000" time="5000" repeat="10000">!IsEmpty(Window(Home).Property(GTO.Info.Description))</autoscroll>
                    <label>$INFO[Window(Home).Property(GTO.Info.Description)]</label>
            </control>
            <control type="group">
                <left>40</left>
                <top>640</top>
                <width>1000</width>
                <control type="button" id="20">
                        <description>Switchtimer button</description>
                        <left>0</left>
                        <width>245</width>
                        <height>40</height>
                        <label>$LOCALIZE[19040]</label>
                        <font>Light28</font>
                        <textcolor>white</textcolor>
                        <focusedcolor>white</focusedcolor>
                        <align>center</align>
                        <onleft>22</onleft>
                        <onright>21</onright>
                        <!--onup>855655</onup>
                        <ondown>855655</ondown-->
                        <enable>!String.IsEmpty(Window(Home).Property(GTO.Info.BroadcastID)) + String.IsEqual(Window(Home).Property(GTO.Info.hasTimer),False) + String.IsEqual(Window(Home).Property(GTO.Info.isInFuture),True)</enable>
                        <onclick>RunPlugin(plugin://script.service.gto?action=reminder&amp;broadcastid=$INFO[Window(Home).Property(GTO.Info.BroadcastID)]&amp;item=$INFO[Window(Home).Property(GTO.Info.Item)])</onclick>
                </control>
                <control type="button" id="21">
                        <description>Switch now button</description>
                        <left>250</left>
                        <width>245</width>
                        <height>40</height>
                        <label>$LOCALIZE[19165]</label>
                        <font>Light28</font>
                        <textcolor>white</textcolor>
                        <focusedcolor>white</focusedcolor>
                        <align>center</align>
                        <onleft>20</onleft>
                        <onright>22</onright>
                        <!--onup>855655</onup>
                        <ondown>855655</ondown-->
                        <enable>String.IsEqual(Window(Home).Property(GTO.Info.isRunning),True) + !String.IsEqual(Window(Home).Property(GTO.Info.ChannelID),False)</enable>
                        <onclick>RunPlugin(plugin://script.service.gto?action=switch_channel&amp;pvrid=$INFO[Window(Home).Property(GTO.Info.ChannelID)]&amp;item=$INFO[Window(Home).Property(GTO.Info.Item)])</onclick>
                        <onclick>Dialog.Close(all)</onclick>
                </control>
                <control type="button" id="22">
                        <description>Timer button</description>
                        <left>500</left>
                        <width>245</width>
                        <height>40</height>
                        <label>$ADDON[script.service.gto 30112]</label>
                        <font>Light28</font>
                        <textcolor>white</textcolor>
                        <focusedcolor>white</focusedcolor>
                        <align>center</align>
                        <onleft>21</onleft>
                        <onright>23</onright>
                        <!--onup>855655</onup>
                        <ondown>855655</ondown-->
                        <enable>!String.IsEmpty(Window(Home).Property(GTO.Info.BroadcastID)) + String.IsEqual(Window(Home).Property(GTO.Info.hasTimer),False)</enable>
                        <onclick>RunPlugin(plugin://script.service.gto?action=record&amp;broadcastid=$INFO[Window(Home).Property(GTO.Info.BroadcastID)]&amp;item=$INFO[Window(Home).Property(GTO.Info.Item)])</onclick>
                        <onclick>Dialog.Close(all)</onclick>
                </control>
                <control type="button" id="23">
                        <description>Cancel button</description>
                        <left>750</left>
                        <width>245</width>
                        <height>40</height>
                        <label>$ADDON[script.service.gto 30119]</label>
                        <font>Light28</font>
                        <textcolor>white</textcolor>
                        <focusedcolor>white</focusedcolor>
                        <align>center</align>
                        <onleft>22</onleft>
                        <onright>20</onright>
                        <!--onup>855655</onup>
                        <ondown>855655</ondown-->
                        <onclick>Dialog.Close(all)</onclick>
                </control>
            </control>
        </control>
	</controls>
</window>

<!-- script.service.gto - InfoWindow - END -->