<?xml version="1.0" encoding="utf-8"?>
<!--Titan-->
<includes>

    <include name="View_507_FanArt">
		<!--View 507-->
        <control type="group">
            <visible>Control.IsVisible(507) + Integer.IsGreater(Container(507).NumItems,0)</visible>
            <include>animation_view_change</include>
            
			<!-- bg, if usin INFO PANEL, check merge NO FANART + NONE/EMPTY BG IMAGE SETTING -->
			<control type="image">
				<include>DimensionsFullscreen</include>
				<visible>Skin.HasSetting(View507_ShowInfo)</visible>
				<texture>colors/color_white.png</texture>
				<colordiffuse>$INFO[Skin.String(ViewDetailsBGColor)]</colordiffuse>
			</control>
			
			<!-- ID="507" -->
            <control type="panel" id="507">
                <include>DimensionsFullscreen</include>
				<include>trailer_onup</include>
                <ondown condition="!Player.HasVideo + Skin.HasSetting(EnableQuickJump)">7000</ondown>
				<ondown condition="!Player.HasVideo + !Skin.HasSetting(EnableQuickJump)">9000</ondown>
                <onleft>507</onleft>
                <onright>507</onright>
                <viewtype label="31434">fanart</viewtype>
                <!-- <scrolltime tween="Cubic" easing="inout">500</scrolltime> -->
                <focusposition>0</focusposition>
                <orientation>horizontal</orientation>
                <preloaditems>2</preloaditems>
				<visible>String.IsEqual(Window(Home).Property(SkinHelper.ForcedView),507) | String.IsEmpty(Window(Home).Property(SkinHelper.ForcedView))</visible>
                <itemlayout width="1080" height="1920" condition="!Skin.HasSetting(View507_ShowInfo)">
					<width>1920</width>
						<height>1080</height>
						<top>0</top>
						<right>0</right>
				</itemlayout>
                <focusedlayout width="1080" height="1920" condition="!Skin.HasSetting(View507_ShowInfo)">
					<control type="group">
						<include content="AutoTrailerButton">
							<param name="id" value="507"/>
						</include>
						
					</control>
					
				</focusedlayout>
				<itemlayout width="1080" height="1920" condition="Skin.HasSetting(View507_ShowInfo)">
                </itemlayout>
                <focusedlayout width="1080" height="1920" condition="Skin.HasSetting(View507_ShowInfo)">
					<control type="group">
						<include content="AutoTrailerButton">
							<param name="id" value="507"/>
						</include>
					 </control>
				</focusedlayout>
			</control>
			
			<!-- fanart default -->
				
			<control type="group">
				<visible>!Skin.HasSetting(View507_ShowInfo)</visible>
				<control type="image">
					<include>DimensionsFullscreen</include>
					<texture border="10">netflix/frame/frame_hardedge.png</texture>
					<colordiffuse>$INFO[Skin.String(ViewDetailsBorderFocusColor)]</colordiffuse>
					<aspectratio>stretch</aspectratio>
					<visible>Skin.HasSetting(507_framedFanart)</visible>
				</control>
				<control type="group">
					<right>3</right>
					<top>3</top>
					<include>WatchedIndicatorNormal</include>
					<visible>!Player.HasGame | !Player.HasVideo</visible>
				</control>
				<control type="videowindow">
					<width>1920</width>
					<height>1080</height>
					<top>5</top>
					<left>5</left>
					<visible>$EXP[PlayerHasVideo] + String.IsEmpty(VideoPlayer.DBID) + !VideoPlayer.Content(livetv)</visible>
					<include>Preview_GameVideoWindow</include>
				</control>
				<control type="image">
					<visible>[Skin.HasSetting(View_507_nofooterbar) + !Skin.HasSetting(507_BelloNero)] | [!Skin.HasSetting(507_BelloNero) + [Player.HasGame | [Player.HasVideo + String.IsEmpty(VideoPlayer.DBID) + !VideoPlayer.Content(livetv)]]]</visible>
					<height>303</height>
					<width>315</width>
					<right>50</right>
					<top>50</top>
					<fadetime>200</fadetime>
					<aspectratio align="right" aligny="top">keep</aspectratio>
					<texture background="true" fallback="colors/color_transparent.png">$VAR[ListItemClearLogo]</texture>
				</control>
			</control>
			
			<!-- bello setting -->
			<control type="group">
				<visible>Skin.HasSetting(507_BelloNero)</visible>
				<visible>!Skin.HasSetting(View507_ShowInfo)</visible>
				<control type="image">
					<animation effect="slide" start="0,0" end="-550,0" time="380" tween="sine" easing="inout" condition="![Container.OnNext | Container.OnPrevious]" reversible="false">Conditional</animation>
					<posy>0</posy>
					<width>110%</width>
					<height>110%</height>
					<texture background="true">animations/left_blade.png</texture>
					<animation type="Focus" reversible="false">
						<effect type="fade" start="0" end="100" time="490" tween="sine" easing="out"/>
						<effect type="slide" start="0,0" end="-340,0" time="390" delay="350" tween="sine" easing="out"/>
					</animation>
					<animation effect="slide" start="0,0" end="-400,0" time="380" tween="sine" easing="inout" condition="Player.HasVideo + !String.IsEmpty(Window(home).Property(trailer_trailerwillplaying))">Conditional</animation>					
					<animation type="Unfocus" reversible="false">
						<effect type="slide" start="-340,0" end="0,0" time="490" delay="0" tween="sine" easing="in"/>
						<effect type="fade" start="100" end="0" time="490" delay="250" tween="sine" easing="in"/>
					</animation>
				</control>
				<control type="image">
					<animation effect="slide" start="0,0" end="470,0" time="380" tween="sine" easing="inout" condition="![Container.OnNext | Container.OnPrevious]" reversible="false">Conditional</animation>
					<posx>0</posx>
					<posy>0</posy>
					<width>110%</width>
					<height>110%</height>
					<texture background="true">animations/right_blade.png</texture>
					<animation type="Focus" reversible="true">
						<effect type="fade" start="0" end="100" time="490" tween="sine" easing="out"/>
						<effect type="slide" start="0,0" end="260,0" time="390" delay="350" tween="sine" easing="out"/>
					</animation>
					<animation effect="slide" start="0,0" end="400,0" time="380" tween="sine" easing="inout" condition="Player.HasVideo + !String.IsEmpty(Window(home).Property(trailer_trailerwillplaying))">Conditional</animation>					
					<animation type="Unfocus" reversible="false">
						<effect type="slide" start="260,0" end="0,0" time="490" delay="0" tween="sine" easing="in"/>
						<effect type="fade" start="100" end="0" time="490" delay="250" tween="sine" easing="in"/>
					</animation>
				</control>
				<control type="image">
					<visible>Skin.HasSetting(View_507_nofooterbar) | !String.Contains(Skin.String(ClearLogoLocation),footer)</visible>
					<animation effect="slide" end="-150,-760" time="0" condition="!Skin.HasSetting(View_507_nofooterbar)">Conditional</animation>
					<left>260</left>
					<bottom>50</bottom>
					<width>390</width>
					<height>150</height>
					<fadetime>100</fadetime>
					<aspectratio align="left" aligny="center">keep</aspectratio>
					<texture background="true">$VAR[ListItemClearLogo]</texture>
					<animation type="WindowOpen">
						<effect type="fade" start="0" end="100" time="250" delay="380" tween="sine" easing="out"/>
					</animation>
					<animation type="WindowClose">
						<effect type="fade" start="100" end="0" time="350" tween="sine" easing="in"/>
					</animation>
					<animation effect="slide" start="0,0" end="-200,-850" time="380" tween="sine" easing="inout" condition="Player.HasVideo + !String.IsEmpty(Window(home).Property(trailer_trailerwillplaying))">Conditional</animation>									
					<animation effect="zoom" end="70,70" time="380" tween="sine" easing="inout" condition="Player.HasVideo + !String.IsEmpty(Window(home).Property(trailer_trailerwillplaying))">Conditional</animation>													
				</control>
				<control type="label">
					<visible>
					String.IsEmpty(ListItem.Art(tvshow.clearlogo)) + 
					String.IsEmpty(ListItem.Art(clearlogo)) + 
					String.IsEmpty(Window(home).Property(SkinHelper.ListItem.ClearLogo)) + 
					String.IsEmpty(Window(home).Property(SkinHelper.ListItem.Art.ClearLogo))
					</visible>
					<visible>Skin.HasSetting(View_507_nofooterbar)</visible>
					<left>260</left>
					<bottom>0</bottom>
					<width>690</width>
					<height>200</height>
					<wrapmultiline>true</wrapmultiline>
					<font>Bold50</font>
                    <align>left</align>
                    <aligny>bottom</aligny>
                    <label>[UPPERCASE]$INFO[ListItem.Title][/UPPERCASE]</label>
					<textcolor>$INFO[Skin.String(ViewDetailsHighlightTextColor)]</textcolor>
                    <shadowcolor>$INFO[Skin.String(ViewDetailsHighlightTextShadowColor)]</shadowcolor>
					<animation type="WindowOpen">
						<effect type="fade" start="0" end="100" time="250" delay="380" tween="sine" easing="out"/>
					</animation>
					<animation type="WindowClose">
						<effect type="fade" start="100" end="0" time="350" tween="sine" easing="in"/>
					</animation>
				</control>
			</control>
			
			
			
			<!--Info Setting -->
			<control type="group">
				<visible>Skin.HasSetting(View507_ShowInfo)</visible>
				<include>animation_view_change</include>
				<top>11%</top>
				<height>850</height>
				
				<control type="image">
					<right>0</right>
					<width>534</width>
					<height>850</height>
					<texture border="15">diffuse/bgpanel.png</texture>
					<colordiffuse>$VAR[ViewDetailsFocusColor]</colordiffuse>
					<animation effect="slide" end="-1386,0" time="300" condition="!Skin.HasSetting(View507_ShowInfoRight)">Conditional</animation>
				</control>
				<control type="image">
					<visible>Skin.HasSetting(507_framedInfo)</visible>
					<top>-2</top>
					<right>-2</right>
					<width>540</width>
					<height>854</height>
					<texture border="2,5,2,6">netflix/frame/slimframe_hardedge.png</texture>
					<colordiffuse>$INFO[Skin.String(ViewDetailsBorderFocusColor)]</colordiffuse>
					<animation effect="slide" end="-1386,0" time="300" condition="!Skin.HasSetting(View507_ShowInfoRight)">Conditional</animation>
				</control>
				<control type="grouplist">
					<animation effect="slide" center="auto" end="1390,0" time="300" condition="Skin.HasSetting(View507_ShowInfoRight)">Conditional</animation>
					<itemgap>0</itemgap>
					<onup>500</onup>
					<ondown>500</ondown>
					<onleft>100</onleft>
					<onright>noop</onright>
					<orientation>vertical</orientation>
					<posx>25</posx>
					<posy>10</posy>
					<control type="label">
						<height>80</height>
						<width>480</width>
						<font>Bold30</font>
						<wrapmultiline>true</wrapmultiline>
						<textcolor>$INFO[Skin.String(ViewDetailsHighlightTextColor)]</textcolor>
                        <shadowcolor>$INFO[Skin.String(ViewDetailsHighlightTextShadowColor)]</shadowcolor>
						<label>[UPPERCASE]$VAR[mediatitle][/UPPERCASE]</label>
					</control>
                    <control type="label">
						<scroll>true</scroll>
						 <top>-10</top>
						 <height>40</height>
						 <width>480</width>
						  <font>Reg31</font>
						  <textcolor>$INFO[Skin.String(ViewDetailsListItemTextFocusColor)]</textcolor>
						  <label>$VAR[Details]</label>
					</control>
					<control type="textbox">
						<top>10</top>
						<width>480</width>
						<height>660</height>
						<label>$VAR[Plots]</label>
						<textcolor>$INFO[Skin.String(ViewDetailsListItemTextFocusColor)]</textcolor>
						<align>justify</align>
						<font>Light28</font>
					</control>
				</control>
				<control type="image">
					<left>0</left>
					<top>0</top>
					<width>1380</width> 
					<height>845</height>
					<animation effect="slide" center="auto" end="540,0" time="300" condition="!Skin.HasSetting(View507_ShowInfoRight)">Conditional</animation>
					<texture background="true" diffuse="home/landscape.png" fallback="defaultgames.png">$VAR[netflixThumb]</texture>
					<aspectratio scalediffuse="false" align="center" aligny="top">scale</aspectratio>
				</control>
				<control type="group">
					<top>5</top>
					<right>5</right>
					<include>WatchedIndicatorNormal</include>
				</control>
				<control type="image">
					<visible>Skin.HasSetting(507_framedFanart)</visible>
					<left>-2</left>
					<top>-2</top>
					<width>1384</width> 
					<height>854</height>
					<texture border="6,8,6,8">netflix/frame/slimframe_hardedge.png</texture>
					<colordiffuse>$INFO[Skin.String(ViewDetailsBorderFocusColor)]</colordiffuse>
					<animation effect="slide" center="auto" end="540,0" time="300" condition="!Skin.HasSetting(View507_ShowInfoRight)">Conditional</animation>
				</control>
				<!-- preview video window if info true -->
				<control type="group">
					<visible>Player.HasVideo + String.IsEmpty(VideoPlayer.DBID) + !VideoPlayer.Content(livetv)</visible>
					<animation effect="slide" center="auto" end="540,0" time="300" condition="!Skin.HasSetting(View507_ShowInfoRight)">Conditional</animation>
					<left>4</left>
					<top>4</top>
					<width>1372</width> 
					<height>802</height>
					<control type="image">
						<height>105%</height>
						<texture colordiffuse="red">colors/color_black.png</texture>
					</control>
					<include>Preview_GameVideoWindow</include>
				</control>
				<!-- touchscreen support -->
				<!-- page button left -->
				<control type="button">
					<left>0</left>
					<top>-10</top>
					<width>30</width>
					<height>149</height>
					<align>center</align>
					<aligny>center</aligny>
					<label></label>
					<pulseonselect>false</pulseonselect>
					<texturefocus colordiffuse="white">home/basichome_left.png</texturefocus>
					<texturenofocus colordiffuse="$INFO[Skin.String(ButtonFocusColor)]">home/basichome_left.png</texturenofocus>
					<onclick>Control.Move(507,-1) </onclick>
					<visible>Skin.HasSetting(EnableTouchSupport)</visible>
				</control>
			</control>
			
		</control>
    </include>
</includes>