<?xml version="1.0" encoding="UTF-8"?>
<!--Titan-->
<window>
    <defaultcontrol always="true">300</defaultcontrol>
    <controls>
    
        <!--Dialog Overlay-->
		<control type="group">
			<visible>!Window.IsActive(Videos) | Window.IsActive(script-skin_helper_service-CustomSearch.xml)</visible>
			<include>DialogOverlayExtra</include>
			<animation effect="fade" time="250" start="0" end="100" reversible="false">WindowOpen</animation>
        </control>
        
        <!--autocompletion -->
        <control type="panel" id="8000">
			<posx>60</posx>
			<bottom>540</bottom>
			<width>1790</width>
			<height>60</height>
			<orientation>horizontal</orientation>
			<onleft>8000</onleft>
			<onright>8000</onright>
            <ondown>312</ondown>
			<visible>!Window.IsVisible(numericinput)</visible>
            <animation effect="slide" start="0,800" end="0,0" tween="cubic" easing="out" delay="0" time="250" reversible="false">WindowOpen</animation>
			<animation effect="slide" start="0,0" end="0,800" tween="cubic" easing="out" delay="0" time="250" reversible="false">WindowClose</animation>
			<animation effect="slide" end="0,-97" time="0" condition="Skin.HasSetting(EnableTouchSupport)">Conditional</animation>
			<itemlayout width="358" height="60">
				<control type="group">
					<control type="button">
						<label></label>
						<width>348</width>
						<height>60</height>
						<font>Reg24</font>
						<textcolor>blue</textcolor>
						<align>center</align>
						<aligny>center</aligny>
					</control>
					<control type="label"> <!--label-->
						<left>20</left>
						<width>320</width>
						<label>$INFO[ListItem.Label]</label>
						<font>Reg24</font>
						<scroll>false</scroll>
						<textcolor>$INFO[Skin.String(ButtonTextColor)]</textcolor>
						<selectedcolor>$INFO[Skin.String(ButtonTextColor)]</selectedcolor>
						<disabledcolor>midgrey</disabledcolor>
					</control>
				</control>
			</itemlayout>
			<focusedlayout width="358" height="60">
				<control type="group">
					<control type="button">
						<label></label>
						<width>348</width>
						<height>60</height>
						<font>Reg24</font>
						<textcolor>blue</textcolor>
						<align>center</align>
						<aligny>center</aligny>
						<visible>!Control.HasFocus(4444)</visible>
					</control>
					<control type="image">
						<width>348</width>
						<height>60</height>
						<texture diffuse="diffuse/panel.png" border="5" colordiffuse="$INFO[Skin.String(ButtonFocusColor)]">colors/color_white.png</texture>
						<visible>Control.HasFocus(4444)</visible>
					</control>
					<control type="label"> <!--label-->
						<left>20</left>
						<width>320</width>
						<label>$INFO[ListItem.Label]</label>
						<font>Reg24</font>
						<scroll>false</scroll>
						<textcolor>$INFO[Skin.String(ButtonFocusTextColor)]</textcolor>
						<selectedcolor>$INFO[Skin.String(ButtonFocusTextColor)]</selectedcolor>
						<visible>Control.HasFocus(4444)</visible>
					</control>
					<control type="label"> <!--label-->
						<left>20</left>
						<width>320</width>
						<label>$INFO[ListItem.Label]</label>
						<font>Reg24</font>
						<scroll>false</scroll>
						<textcolor>$INFO[Skin.String(ButtonTextColor)]</textcolor>
						<selectedcolor>$INFO[Skin.String(ButtonTextColor)]</selectedcolor>
						<visible>!Control.HasFocus(4444)</visible>
					</control>
                    <control type="button">
                        <label></label>
                        <visible>false</visible>
                        <onfocus>SetProperty(submenu,show,home)</onfocus>
                    </control>
				</control>
			</focusedlayout>
			<content>$VAR[DialogKeyboardAutoComplete]</content>
		</control>

        <control type="group">
            <height>530</height>
            <visible>!Window.IsVisible(numericinput)</visible>
            <bottom>0</bottom>
            <animation effect="slide" start="0,800" end="0,0" tween="cubic" easing="out" delay="0" time="250" reversible="false">WindowOpen</animation>
			<animation effect="slide" start="0,0" end="0,800" tween="cubic" easing="out" delay="0" time="250" reversible="false">WindowClose</animation>
			<animation effect="slide" end="0,-97" time="0" condition="Skin.HasSetting(EnableTouchSupport)">Conditional</animation>
            <control type="image">
                <posx>0</posx>
                <posy>0</posy>
                <width>100%</width>
                <height>100%</height>
                <texture border="5">diffuse/panel.png</texture>
                <colordiffuse>$INFO[Skin.String(GeneralPanelsColor)]</colordiffuse>
                <aspectratio>stretch</aspectratio>
            </control>
            <control type="image">
                <posx>0</posx>
                <posy>10</posy>
                <width>100%</width>
                <height>100%</height>
                <texture border="5">diffuse/panel.png</texture>
                <colordiffuse>$INFO[Skin.String(GeneralPanelsColor)]</colordiffuse>
                <aspectratio>stretch</aspectratio>
            </control>
            <!-- Heading -->
            <control type="label" id="311">
                <animation effect="fade" end="0" time="0" condition="true">Conditional</animation>
                <label>16028</label>
            </control>

            <!-- keyboard commands/options -->
            <control type="grouplist" id="9000">
                <left>60</left>
                <top>120</top>
                <width>390</width>
                <height>660</height>
                <itemgap>10</itemgap>
                <onup>8000</onup>
                <ondown>312</ondown>
                <orientation>vertical</orientation>
                <scrolltime tween="sine" easing="out">240</scrolltime>

                <!-- Layout -->
                <control type="button" id="309">
                    <width>100%</width>
                    <height>70</height>
                    <onleft>111</onleft>
                    <onright>100</onright>
                    <include>KeyBoardKeyRadio</include>
                    <label>20177</label>
                </control>

                <!-- Shift -->
                <control type="radiobutton" id="302">
                    <width>100%</width>
                    <height>70</height>
                    <onleft>131</onleft>
                    <onright>120</onright>
                    <include>KeyBoardKeyRadio</include>
                    <label>20178</label>
                </control>

                <!-- Caps lock -->
                <control type="radiobutton" id="303">
                    <width>100%</width>
                    <height>70</height>
                    <onleft>151</onleft>
                    <onright>140</onright>
                    <include>KeyBoardKeyRadio</include>
                    <label>20179</label>
                </control>

                <!-- Symbols -->
                <control type="radiobutton" id="304">
                    <width>100%</width>
                    <height>70</height>
                    <onleft>171</onleft>
                    <onright>160</onright>
                    <include>KeyBoardKeyRadio</include>
                    <label>20180</label>
                </control>

                <!-- IP address -->
                <control type="button" id="307">
                    <width>100%</width>
                    <height>70</height>
                    <onleft>306</onleft>
                    <onright>32</onright>
                    <include>KeyBoardKeyRadio</include>
                    <label>1006</label>
                </control>

            </control>

            <!-- Keyboard Edit -->
            <control type="edit" id="312">
                <top>20</top>
                <left>60</left>
                <right>280</right>
                <width>1510</width>
                <height>70</height>
                <onup>8000</onup>
                <onright>300</onright>
                <ondown>1000</ondown>
                <align>left</align>
                <aligny>center</aligny>
                <scroll>true</scroll>
                <label>$INFO[Control.GetLabel(311)]</label>
                <font>Reg30</font>
                
                <include>KeyBoardKeyRadio</include>
            </control>
            <!-- keyboard keys -->
            <control type="group">
                <right>60</right>
                <top>120</top>
                <width>1400</width>

                <!-- First row -->
                <control type="grouplist" id="1000">
                    <right>0</right>
                    <top>0</top>
                    <width>100%</width>
                    <height>70</height>
                    <itemgap>10</itemgap>
                    <onleft>309</onleft>
                    <onright>309</onright>
                    <onup>312</onup>
                    <orientation>horizontal</orientation>

                    <control type="button" id="100">
                        <!-- (0,0) key button -->
                        <ondown>120</ondown>
                        <include>KeyBoardKey</include>
                    </control>
                    <control type="button" id="101">
                        <!-- (0,1) key button -->
                        <ondown>121</ondown>
                        <include>KeyBoardKey</include>
                    </control>
                    <control type="button" id="102">
                        <!-- (0,2) key button -->
                        <ondown>122</ondown>
                        <include>KeyBoardKey</include>
                    </control>
                    <control type="button" id="103">
                        <!-- (0,3) key button -->
                        <ondown>123</ondown>
                        <include>KeyBoardKey</include>
                    </control>
                    <control type="button" id="104">
                        <!-- (0,4) key button -->
                        <ondown>124</ondown>
                        <include>KeyBoardKey</include>
                    </control>
                    <control type="button" id="105">
                        <!-- (0,5) key button -->
                        <ondown>125</ondown>
                        <include>KeyBoardKey</include>
                    </control>
                    <control type="button" id="106">
                        <!-- (0,6) key button -->
                        <ondown>126</ondown>
                        <include>KeyBoardKey</include>
                    </control>
                    <control type="button" id="107">
                        <!-- (0,7) key button -->
                        <ondown>127</ondown>
                        <include>KeyBoardKey</include>
                    </control>
                    <control type="button" id="108">
                        <!-- (0,8) key button -->
                        <ondown>128</ondown>
                        <include>KeyBoardKey</include>
                    </control>
                    <control type="button" id="109">
                        <!-- (0,9) key button -->
                        <ondown>129</ondown>
                        <include>KeyBoardKey</include>
                    </control>
                    <control type="button" id="110">
                        <!-- (0,10) key button -->
                        <ondown>130</ondown>
                        <include>KeyBoardKey</include>
                    </control>
                    <control type="button" id="111">
                        <!-- (0,11) key button -->
                        <ondown>131</ondown>
                        <include>KeyBoardKey</include>
                    </control>

                </control>

                <!-- Second row -->
                <control type="grouplist" id="2000">
                    <right>0</right>
                    <top>80</top>
                    <width>100%</width>
                    <height>70</height>
                    <itemgap>10</itemgap>
                    <onleft>302</onleft>
                    <onright>302</onright>
                    <orientation>horizontal</orientation>

                    <control type="button" id="120">
                        <!-- (1,0) key button -->
                        <onup>100</onup>
                        <ondown>140</ondown>
                        <include>KeyBoardKey</include>
                    </control>
                    <control type="button" id="121">
                        <!-- (1,1) key button -->
                        <onup>101</onup>
                        <ondown>141</ondown>
                        <include>KeyBoardKey</include>
                    </control>
                    <control type="button" id="122">
                        <!-- (1,2) key button -->
                        <onup>102</onup>
                        <ondown>142</ondown>
                        <include>KeyBoardKey</include>
                    </control>
                    <control type="button" id="123">
                        <!-- (1,3) key button -->
                        <onup>103</onup>
                        <ondown>143</ondown>
                        <include>KeyBoardKey</include>
                    </control>
                    <control type="button" id="124">
                        <!-- (1,4) key button -->
                        <onup>104</onup>
                        <ondown>144</ondown>
                        <include>KeyBoardKey</include>
                    </control>
                    <control type="button" id="125">
                        <!-- (1,5) key button -->
                        <onup>105</onup>
                        <ondown>145</ondown>
                        <include>KeyBoardKey</include>
                    </control>
                    <control type="button" id="126">
                        <!-- (1,6) key button -->
                        <onup>106</onup>
                        <ondown>146</ondown>
                        <include>KeyBoardKey</include>
                    </control>
                    <control type="button" id="127">
                        <!-- (1,7) key button -->
                        <onup>107</onup>
                        <ondown>147</ondown>
                        <include>KeyBoardKey</include>
                    </control>
                    <control type="button" id="128">
                        <!-- (1,8) key button -->
                        <onup>108</onup>
                        <ondown>148</ondown>
                        <include>KeyBoardKey</include>
                    </control>
                    <control type="button" id="129">
                        <!-- (1,9) key button -->
                        <onup>109</onup>
                        <ondown>149</ondown>
                        <include>KeyBoardKey</include>
                    </control>
                    <control type="button" id="130">
                        <!-- (1,10) key button -->
                        <onup>110</onup>
                        <ondown>150</ondown>
                        <include>KeyBoardKey</include>
                    </control>
                    <control type="button" id="131">
                        <!-- (1,11) key button -->
                        <onup>111</onup>
                        <ondown>151</ondown>
                        <include>KeyBoardKey</include>
                    </control>

                </control>

                <!-- Third row -->
                <control type="grouplist" id="3000">
                    <right>0</right>
                    <top>160</top>
                    <width>100%</width>
                    <height>70</height>
                    <itemgap>10</itemgap>
                    <onleft>303</onleft>
                    <onright>303</onright>
                    <orientation>horizontal</orientation>

                    <control type="button" id="140">
                        <!-- (2,0) key button -->
                        <onup>120</onup>
                        <ondown>160</ondown>
                        <include>KeyBoardKey</include>
                    </control>
                    <control type="button" id="141">
                        <!-- (2,1) key button -->
                        <onup>121</onup>
                        <ondown>161</ondown>
                        <include>KeyBoardKey</include>
                    </control>
                    <control type="button" id="142">
                        <!-- (2,2) key button -->
                        <onup>122</onup>
                        <ondown>162</ondown>
                        <include>KeyBoardKey</include>
                    </control>
                    <control type="button" id="143">
                        <!-- (2,3) key button -->
                        <onup>123</onup>
                        <ondown>163</ondown>
                        <include>KeyBoardKey</include>
                    </control>
                    <control type="button" id="144">
                        <!-- (2,4) key button -->
                        <onup>124</onup>
                        <ondown>164</ondown>
                        <include>KeyBoardKey</include>
                    </control>
                    <control type="button" id="145">
                        <!-- (2,5) key button -->
                        <onup>125</onup>
                        <ondown>165</ondown>
                        <include>KeyBoardKey</include>
                    </control>
                    <control type="button" id="146">
                        <!-- (2,6) key button -->
                        <onup>126</onup>
                        <ondown>166</ondown>
                        <include>KeyBoardKey</include>
                    </control>
                    <control type="button" id="147">
                        <!-- (2,7) key button -->
                        <onup>127</onup>
                        <ondown>167</ondown>
                        <include>KeyBoardKey</include>
                    </control>
                    <control type="button" id="148">
                        <!-- (2,8) key button -->
                        <onup>128</onup>
                        <ondown>168</ondown>
                        <include>KeyBoardKey</include>
                    </control>
                    <control type="button" id="149">
                        <!-- (2,9) key button -->
                        <onup>129</onup>
                        <ondown>169</ondown>
                        <include>KeyBoardKey</include>
                    </control>
                    <control type="button" id="150">
                        <!-- (2,10) key button -->
                        <onup>130</onup>
                        <ondown>170</ondown>
                        <include>KeyBoardKey</include>
                    </control>
                    <control type="button" id="151">
                        <!-- (2,11) key button -->
                        <onup>131</onup>
                        <ondown>171</ondown>
                        <include>KeyBoardKey</include>
                    </control>

                </control>

                <!-- Forth row -->
                <control type="grouplist" id="4000">
                    <right>0</right>
                    <top>240</top>
                    <width>100%</width>
                    <height>70</height>
                    <itemgap>10</itemgap>
                    <onleft>304</onleft>
                    <onright>304</onright>
                    <orientation>horizontal</orientation>

                    <control type="button" id="160">
                        <!-- (3,0) key button -->
                        <onup>140</onup>
                        <ondown>32</ondown>
                        <include>KeyBoardKey</include>
                    </control>
                    <control type="button" id="161">
                        <!-- (3,1) key button -->
                        <onup>141</onup>
                        <ondown>32</ondown>
                        <include>KeyBoardKey</include>
                    </control>
                    <control type="button" id="162">
                        <!-- (3,2) key button -->
                        <onup>142</onup>
                        <ondown>32</ondown>
                        <include>KeyBoardKey</include>
                    </control>
                    <control type="button" id="163">
                        <!-- (3,3) key button -->
                        <onup>143</onup>
                        <ondown>32</ondown>
                        <include>KeyBoardKey</include>
                    </control>
                    <control type="button" id="164">
                        <!-- (3,4) key button -->
                        <onup>144</onup>
                        <ondown>32</ondown>
                        <include>KeyBoardKey</include>
                    </control>
                    <control type="button" id="165">
                        <!-- (3,5) key button -->
                        <onup>145</onup>
                        <ondown>8</ondown>
                        <include>KeyBoardKey</include>
                    </control>
                    <control type="button" id="166">
                        <!-- (3,6) key button -->
                        <onup>146</onup>
                        <ondown>8</ondown>
                        <include>KeyBoardKey</include>
                    </control>
                    <control type="button" id="167">
                        <!-- (3,7) key button -->
                        <onup>147</onup>
                        <ondown>8</ondown>
                        <include>KeyBoardKey</include>
                    </control>
                    <control type="button" id="168">
                        <!-- (3,8) key button -->
                        <onup>148</onup>
                        <ondown>8</ondown>
                        <include>KeyBoardKey</include>
                    </control>
                    <control type="button" id="169">
                        <!-- (3,9) key button -->
                        <onup>149</onup>
                        <ondown>8</ondown>
                        <include>KeyBoardKey</include>
                    </control>
                    <control type="button" id="170">
                        <!-- (3,10) key button -->
                        <onup>150</onup>
                        <ondown>305</ondown>
                        <include>KeyBoardKey</include>
                    </control>
                    <control type="button" id="171">
                        <!-- (3,11) key button -->
                        <onup>151</onup>
                        <ondown>306</ondown>
                        <include>KeyBoardKey</include>
                    </control>

                </control>

                <!-- Fifth row -->
                <control type="grouplist" id="5000">
                    <right>0</right>
                    <top>320</top>
                    <width>100%</width>
                    <height>70</height>
                    <itemgap>10</itemgap>
                    <onleft>307</onleft>
                    <onright>307</onright>
                    <ondown>312</ondown>
                    <orientation>horizontal</orientation>

                    <!-- SPACE -->
                    <control type="button" id="32">
                        <onup>4000</onup>
                        <width>390</width>
                        <label>20182</label>
                        <include>KeyBoardKey</include>
                    </control>
                    <!-- BACKSPACE -->
                    <control type="button" id="8">
                        <onup>4000</onup>
                        <width>355</width>
                        <label>20181</label>
                        <include>KeyBoardKey</include>
                    </control>
					<!-- password -->
					<control type="button" id="310">
                        <onup>4000</onup>
                        <width>355</width>
                        <include>KeyBoardKey</include>
                    </control>
                    <!-- Previous -->
                    <control type="button" id="305">
                        <onup>4000</onup>
                        <label>&lt;</label>
                        <include>KeyBoardKey</include>
                    </control>
                    <!-- Next -->
                    <control type="button" id="306">
                        <onup>4000</onup>
                        <label>&gt;</label>
                        <include>KeyBoardKey</include>
                    </control>

                </control>

            </control>

            <!-- Button grouplist -->
            <control type="grouplist" id="9001">
                <right>60</right>
                <top>20</top>
                <width>280</width>
                <itemgap>10</itemgap>
                <onleft>312</onleft>
                <onright>312</onright>
                <onup>8000</onup>
                <ondown>1000</ondown>
                <orientation>horizontal</orientation>
                <!-- Done -->
                <control type="button" id="300">
                    <align>center</align>
                    <label>186</label>
                    <width>200</width>
                    <include>KeyBoardKey</include>
                    <onclick>SetFocus(100)</onclick>
                </control>
                <!-- Cancel Button -->
                <control type="button" id="301">
                    <align>center</align>
                    <width>60</width>
                    <include>KeyBoardKey</include>
                    <label>X</label>
                </control>
            </control>
        </control>
    
        <include condition="Skin.HasSetting(EnableTouchSupport)">Footer</include>
    </controls>

</window>