<?xml version="1.0" encoding="utf-8"?>
<!--Titan-->
<window>
    <defaultcontrol always="true">5000</defaultcontrol>
    
    <include>allViewIds</include>
	<onload condition="System.HasAddon(script.tv.show.next.aired)">RunScript(script.tv.show.next.aired,backend=True)</onload>
	<onload>ClearProperty(ShowViewSubMenu, Home)</onload>
	<!-- stop Widget Auto trailer -->
	<onload condition="Skin.HasSetting(NetflixAutoTrailer) + System.HasAlarm(trailer_delay)">CancelAlarm(trailer_delay,true)</onload>
	<!-- clear trailer acript - check, maybe need condition if trailer, playing,will playing -->
	<onunload condition="!String.IsEmpty(Window(home).Property(trailer_avail))">ClearProperty(trailer_avail,home)</onunload>
	<!-- return to infodialog if previous window -->
    <onunload condition="String.IsEqual(Window(Home).Property(BaseWindow),InfoDialog)">AlarmClock(loadinfo,Action(Info),00:00,silent)</onunload>
	<onunload condition="$EXP[HasAutoTrailer] + !String.IsEmpty(Window(Home).Property(TrailerPlaying)) + !String.IsEqual(Window(Home).Property(TrailerPlaying),fullscreen)">PlayerControl(Stop)</onunload>
	
	<onunload>ClearProperty(ShowViewSubMenu, Home)</onunload>
    <controls>
		<include>GlobalBackground</include>
		<include condition="!Skin.HasSetting(DisableNowPlayingBackground)">NowPlayingBackground</include>
		
		<control type="list" id="5055">
			<visible>true</visible>
			<include>HiddenObject</include>
			<content limit="1">$VAR[container_content_getdbid_1]</content>
		</control>
		
		<control type="button" id="878678">
			<description>Let List  Gain Focus if id is uncleared</description>
			<include>HiddenButton</include>
			<onfocus>SetFocus(50)</onfocus>
		</control>
		
		<include>allViews</include>
		
        <!--Sub Menu Tab Left-->
        <include condition="!Skin.HasSetting(DisableSideBladeIndicator)">SideBladeMenuTabLeft</include>
        <!--Sub Menu Tab Top, check, should netflix need bottom , and triler layer on top  -->
        <include condition="!Skin.HasSetting(DisableSideBladeIndicator)">SideBladeMenuTabTop</include>
        
		<!--Header -->
        <include>Header</include>
		<!--Sub Menu-->
        <control type="group">
            <include condition="Skin.HasSetting(smallContextMenu)">SideBladeClassic</include>
			<include condition="!Skin.HasSetting(smallContextMenu)">SideBladeModern</include>
            <!--Grouplist 9000-->
            <control type="grouplist" id="9000">
                <posx>21</posx>
                <posy>185</posy>
                <width>458</width>
                <height>770</height>
                <itemgap>3</itemgap>
                <onleft>5000</onleft>
                <onright>5000</onright>
				<visible>!Skin.HasSetting(KioskMode.Enabled)</visible>
				<onright>ClearProperty(ShowViewSubMenu, Home)</onright>
				<onleft>ClearProperty(ShowViewSubMenu, Home)</onleft>
				<onback>ClearProperty(ShowViewSubMenu, Home)</onback>
				<onback>5000</onback>
                <onup>9000</onup>
                <ondown>9000</ondown>
                <orientation>vertical</orientation>
                <control type="radiobutton" id="14">
                    <!--Button Watched Toggle-->
                    <include>SideBladeMenuButton</include>
                    <label>20367</label>
                </control>

               <control type="button" id="3">
					<description>Sort by button</description>
					<include>SideBladeMenuButton</include>
					<label>103</label>
				</control>
				<control type="togglebutton" id="4">
					<description>Sort asc</description>
					<include>SideBladeMenuButton</include>
					<alttexturefocus border="5" colordiffuse="$INFO[Skin.String(ButtonFocusColor)]">colors/color_white.png</alttexturefocus>
					<alttexturenofocus></alttexturenofocus>
					<label>584</label>
					<altlabel>585</altlabel>
					<usealttexture>Container.SortDirection(Ascending)</usealttexture>
				</control>

				<control type="edit" id="19">
					<visible>Container.CanFilter + !Container.CanFilterAdvanced</visible>
					<description>Filter</description>
					<textwidth>230</textwidth>
					<include>SideBladeMenuButton</include>
					<textoffsetx>50</textoffsetx>
					<textoffsety>13</textoffsety>
					<label>587</label>
				</control>
				<control type="radiobutton" id="98">
					<visible>Container.CanFilterAdvanced</visible>
					<description>Filter</description>
					<include>SideBladeMenuButton</include>
					<label>587</label>
					<selected>Container.Filtered</selected>
					<onclick>right</onclick>
					<onclick>Filter</onclick>
				</control>
				<control type="togglebutton" id="20">
					<description>Update library</description>
					<include>SideBladeMenuButton</include>
					<label>653</label>
					<altlabel>13353</altlabel>
					<alttexturefocus border="5" colordiffuse="$INFO[Skin.String(ButtonFocusColor)]">colors/color_white.png</alttexturefocus>
					<alttexturenofocus></alttexturenofocus>
					<usealttexture>library.isscanningvideo</usealttexture>
					<visible>!String.Contains(Container.FolderPath,plugin://plugin.video)</visible>
				</control>
                <control type="button" id="388">
                    <!--Button Search-->
                    <include>SideBladeMenuButton</include>
                    <label>137</label>
					<onclick>Skin.Reset(SearchTerm)</onclick>
					<onclick>Skin.SetString(SearchTerm)</onclick>
					 <!--conditional choice script.globalsearch-->
					<onclick>ActivateWindow(1100)</onclick>
				</control>
				<control type="button" id="4401">
                    <!--current playlist-->
                    <include>SideBladeMenuButton</include>
                    <label>13350</label>
					<onclick>ActivateWindow(videoplaylist)</onclick>
					<visible>!String.IsEqual(Playlist.Length(video),0)</visible>
                </control>
				<control type="button" id="4402">
                    <!--Playlists-->
                    <include>SideBladeMenuButton</include>
                    <label>20012</label>
					<onclick>ActivateWindow(Videos,special://videoplaylists/,return)</onclick>
                </control>
				
				<include>SideBladeViewCommands</include>
				
				<control type="radiobutton" id="4406">
					<description>Unlock Shares</description>
					<include>SideBladeMenuButton</include>
					<label>20336</label>
					<onclick>mastermode</onclick>
					<selected>system.ismaster</selected>
					<visible>system.haslocks</visible>
				</control>
             </control>
        </control>

		<!--NowPlaying-->
		<include condition="!Skin.HasSetting(LowPerformanceMode)">NowPlayingInfoBar</include>
        
        <include condition="Skin.HasSetting(DebugGrid) | Skin.HasSetting(DebugInfo)">DebugInfo</include>
        
        <!-- info overlay ,check-->
        <control type="group" id="77999">
            <visible>Skin.HasSetting(EnableInfoOverlay) + System.IdleTime(3)</visible>
            <visible>Container.Content(movies) | Container.Content(episodes) | Container.Content(sets)</visible>
            <visible>!String.IsEmpty(ListItem.Plot) | !String.IsEmpty(Window(Home).Property(SkinHelper.ListItem.Plot))</visible>
            <visible>![Window.IsVisible(DialogVideoInfo.xml) | Window.IsVisible(DialogProgress.xml) | Window.IsVisible(DialogYesNo.xml) | Window.IsVisible(DialogOK.xml) | Window.IsVisible(DialogSelect.xml) | Window.IsVisible(DialogContextMenu.xml) | Window.IsVisible(DialogButtonMenu.xml) | ControlGroup(9000).HasFocus()]</visible>
            <animation time="300" effect="fade" delay="0">Visible</animation>
            <include>DialogOverlayExtra</include>
			<width>100%</width>
            <height>100%</height>
            <control type="label">
                <top>4%</top>
                <left>60</left>
                <width>1800</width>
                <height>100</height>
                <font>Bold55</font>
                <textcolor>$INFO[Skin.String(ViewDetailsHighlightTextColor)]</textcolor>
                <shadowcolor>$INFO[Skin.String(ViewDetailsHighlightTextShadowColor)]</shadowcolor>
                <label>[UPPERCASE]$VAR[mediatitle][/UPPERCASE]</label>
                <scroll>true</scroll>
            </control>
            <control type="label">
                <top>12%</top>
                <left>60</left>
                <width>1800</width>
                <height>100</height>
                <font>Reg50</font>
                <textcolor>$INFO[Skin.String(ViewDetailsTextColor)]</textcolor>
                <shadowcolor>$INFO[Skin.String(ViewDetailsTextShadowColor)]</shadowcolor>
                <label>$VAR[Details]</label>
            </control>
            <control type="textbox">
                <bottom>4%</bottom>
                <left>60</left>
                <width>1800</width>
                <height>70%</height>
                <font>Reg50</font>
                <align>justify</align>
                <textcolor>$INFO[Skin.String(ViewDetailsTextColor)]</textcolor>
                <shadowcolor>$INFO[Skin.String(ViewDetailsTextShadowColor)]</shadowcolor>
                <label>$VAR[Plots]</label>
                <autoscroll delay="15000" time="6000" repeat="20000">Control.IsVisible(77999)</autoscroll>
            </control>
        </control>
	</controls>
</window>
