<?xml version="1.0" encoding="UTF-8" standalone="yes"?>
<addon id="repository.fuchs246" name="Fuchs Repo" version="1.0.2" provider-name="fuchs246">
	<requires>
		<import addon="xbmc.addon" version="12.0.0"/>
	</requires>
	<extension point="xbmc.addon.repository" name="Fuchs Repo">
		<dir minversion="18.9.700" maxversion="19.9.0">
			<info>https://raw.githubusercontent.com/Fuchs246/repository.fuchs246/main/matrix/addons.xml</info>
			<checksum>https://raw.githubusercontent.com/Fuchs246/repository.fuchs246/main/matrix/addons.xml.md5</checksum>
			<datadir zip="true">https://raw.githubusercontent.com/Fuchs246/repository.fuchs246/main/matrix/</datadir>
		</dir>
		<dir minversion="20.0.0" maxversion="20.9.0">
			<info>https://raw.githubusercontent.com/Fuchs246/repository.fuchs246/main/nexus/addons.xml</info>
			<checksum>https://raw.githubusercontent.com/Fuchs246/repository.fuchs246/main/nexus/addons.xml.md5</checksum>
			<datadir zip="true">https://raw.githubusercontent.com/Fuchs246/repository.fuchs246/main/nexus/</datadir>
		</dir>
		<dir minversion="20.9.1">
			<info>https://raw.githubusercontent.com/Fuchs246/repository.fuchs246/main/omega/addons.xml</info>
			<checksum>https://raw.githubusercontent.com/Fuchs246/repository.fuchs246/main/omega/addons.xml.md5</checksum>
			<datadir zip="true">https://raw.githubusercontent.com/Fuchs246/repository.fuchs246/main/omega/</datadir>
		</dir>
	</extension>
	<extension point="xbmc.addon.metadata">
		<summary lang="en">Repo for Titan Mod</summary>
		<description lang="en">Titan Mod, including all dependencies for Skin Helper Service</description>
		<platform>all</platform>
		<disclaimer />
		<assets>
		  <icon>icon.png</icon>
		</assets>
	</extension>
</addon>