<?xml version="1.0" encoding="UTF-8"?>
<shortcuts>
	<!-- live tv tile -->
	<shortcut>
		<label>$LOCALIZE[32022]</label>
		<label2>$LOCALIZE[32022]</label2>
		<icon>resource://resource.images.skinicons.wide/livetv.png</icon>
		<thumb>$INFO[Window(Home).Property(SkinHelper.PvrBackground)]</thumb>
		<action>ActivateWindow(TVChannels)</action>
	</shortcut>
	<!-- all movies tile -->
	<shortcut>
		<label>$LOCALIZE[342]</label>
		<label2>$LOCALIZE[342]</label2>
		<icon>resource://resource.images.skinicons.wide/movies.png</icon>
		<thumb>$INFO[Window(Home).Property(SkinHelper.AllMoviesBackground)]</thumb>
		<action>ActivateWindow(Videos,videodb://movies/titles/,return)</action>
	</shortcut>
	<!-- all tvshows tile -->
	<shortcut>
		<label>$LOCALIZE[20343]</label>
		<label2>$LOCALIZE[20343]</label2>
		<icon>resource://resource.images.skinbackgrounds.titanium/hover_my tv series.jpg</icon>
		<thumb>$INFO[Window(Home).Property(SkinHelper.AllTvShowsBackground)]</thumb>
		<action>ActivateWindow(Videos,videodb://tvshows/titles/,return)</action>
	</shortcut>
	<!-- music tile -->
	<shortcut>
		<label>$LOCALIZE[10502]</label>
		<label2>$LOCALIZE[10502]</label2>
		<icon>resource://resource.images.skinicons.wide/music.png</icon>
		<thumb>$INFO[Window(Home).Property(SkinHelper.AllMusicBackground)]</thumb>
		<action>ActivateWindow(Music,musicdb://,return)</action>
	</shortcut>
	<!-- musicvideos tile -->
	<shortcut>
		<label>$LOCALIZE[20389]</label>
		<label2>$LOCALIZE[20389]</label2>
		<icon>resource://resource.images.skinbackgrounds.titanium/hover_my music.jpg</icon>
		<thumb>$INFO[Window(Home).Property(SkinHelper.AllMusicVideosBackground)]</thumb>
		<action>ActivateWindow(Videos,videodb://musicvideos/titles/,return)</action>
	</shortcut>
	<!-- weather tile -->
	<shortcut>
		<label>$LOCALIZE[12600]</label>
		<label2>$LOCALIZE[12600]</label2>
		<icon>resource://resource.images.skinicons.wide/weather.png</icon>
		<thumb>$VAR[WeatherFanArtSingleImage_Current]</thumb>
		<action>ActivateWindow(Weather)</action>
	</shortcut>
	<!-- youtube tile -->
	<shortcut>
		<label>$LOCALIZE[31062]</label>
		<label2>youtube</label2>
		<defaultID>plugin.video.youtube</defaultID>
		<icon>resource://resource.images.skinicons.wide/youtube.png</icon>
		<thumb />
		<action>ActivateWindow(Videos,plugin://plugin.video.youtube,return)</action>
	</shortcut>
	<!-- pictures tile -->
	<shortcut>
		<label>$LOCALIZE[10002]</label>
		<label2>$LOCALIZE[10002]</label2>
		<icon>resource://resource.images.skinicons.wide/pictures.png</icon>
		<thumb>$INFO[Window(Home).Property(SkinHelper.PicturesBackground)]</thumb>
		<action>ActivateWindow(pictures,return)</action>
		<visible>!Skin.HasSetting(HomeMenuUsePlexforPictures)</visible>
	</shortcut>
	<!-- games tile -->
	<shortcut>
		<label>$LOCALIZE[10821]</label>
		<label2>$LOCALIZE[10821]</label2>
		<icon>resource.images.skinbackgrounds.titanium/hover_tetris.jpg</icon>
		<thumb />
		<action>ActivateWindow(Games,return)</action>
	</shortcut>
	<!-- addons tile -->
	<shortcut>
		<label>$LOCALIZE[10040]</label>
		<label2>$LOCALIZE[10040]</label2>
		<icon>resource://resource.images.skinicons.wide/addons.png</icon>
		<thumb />
		<action>ActivateWindow(Programs,Addons,return)</action>
	</shortcut>
	<!-- videos tile -->
	<shortcut>
		<label>$LOCALIZE[10025]</label>
		<label2>$LOCALIZE[10025]</label2>
		<icon>resource://resource.images.skinicons.wide/videos.png</icon>
		<thumb />
		<action>ActivateWindow(Videos,return)</action>
	</shortcut>
	<!-- settings tile -->
	<shortcut>
		<label>$LOCALIZE[10004]</label>
		<label2>$LOCALIZE[10004]</label2>
		<icon>resource://resource.images.skinicons.wide/settings.png</icon>
		<thumb />
		<action>ActivateWindow(Settings)</action>
	</shortcut>
	
</shortcuts>
