<?xml version="1.0" encoding="UTF-8"?>
<overrides>

	<groupings>
	
		<!-- smart shortcuts -->
		<shortcut label="31531" type="32010">||BROWSE||script.skin.helper.service/?action=smartshortcuts</shortcut>

		<!-- common items -->
		<node label="32029" condition="String.IsEmpty(Window(home).Property(netflixmenu))">
			<shortcut label="137" grouping="32029" icon="resource://resource.images.skinbackgrounds.titanium/settings.jpg">ActivateWindow(1100)</shortcut>
            <shortcut label="32022" grouping="32029" thumbnail="$INFO[Window(Home).Property(SkinHelper.PvrBackground)]" icon="resource://resource.images.skinicons.wide/livetv.png" condition="PVR.HasTVChannels">ActivateWindow(TVChannels)</shortcut>
			<shortcut label="342" grouping="32029" thumbnail="$INFO[Window(Home).Property(SkinHelper.AllMoviesBackground)]" icon="resource://resource.images.skinicons.wide/movies.png">ActivateWindow(10025,videodb://movies/titles/,return)</shortcut>
			<shortcut label="20343" grouping="32029" thumbnail="$INFO[Window(Home).Property(SkinHelper.AllTvShowsBackground)]" icon="resource://resource.images.skinbackgrounds.titanium/hover_my tv series.jpg">ActivateWindow(10025,videodb://tvshows/titles/,return)</shortcut>
            <shortcut label="TV-Shows HUB" grouping="32029" icon="$INFO[Window(Home).Property(SkinHelper.AllTvShowsBackground)]">ActivateWindow(3017,return)</shortcut>
			<shortcut label="Movies HUB" grouping="32029" icon="$INFO[Window(Home).Property(SkinHelper.AllMoviesBackground)]">ActivateWindow(3018,return)</shortcut>
            <shortcut label="NEW HUB" grouping="32029" icon="resource://resource.images.skinicons.wide/videos.png">ActivateWindow(3019,return)</shortcut>
			
			<shortcut label="TheMovieDb Movies" grouping="32029" thumbnail="$INFO[Window(Home).Property(SkinHelper.PopularMovies)]" icon="$INFO[Window(Home).Property(SkinHelper.PopularMovies)]">ActivateWindow(Videos,"plugin://plugin.video.themoviedb.helper/?info=trakt_trending&amp;tmdb_type=movie&amp;widget=true",return)</shortcut>
			<shortcut label="TheMovieDb TV-Shows" grouping="32029" thumbnail="$INFO[Window(Home).Property(SkinHelper.PopularShows)]" icon="$INFO[Window(Home).Property(SkinHelper.PopularShows)]">ActivateWindow(Videos,"plugin://plugin.video.themoviedb.helper/?info=trakt_trending&amp;tmdb_type=tv&amp;widget=true",return)</shortcut>
			
			<shortcut label="10502" grouping="32029" icon="$INFO[Window(Home).Property(SkinHelper.AllMusicBackground)]">ActivateWindow(10502,musicdb://,return)</shortcut>
			<shortcut label="20389" grouping="32029" thumbnail="$INFO[Window(Home).Property(SkinHelper.AllMusicVideosBackground)]" icon="resource://resource.images.skinbackgrounds.titanium/hover_my music.jpg">ActivateWindow(10025,videodb://musicvideos/titles/,return)</shortcut>
			<shortcut label="12600" grouping="32029" icon="$INFO[Skin.String(WeatherFanArtPack.path)]$INFO[Window(Weather).Property(Current.FanartCode)]$INFO[Skin.String(WeatherFanArtPack.ext)]">ActivateWindow(Weather)</shortcut>
			<shortcut label="10002" grouping="32029" thumbnail="$INFO[Window(Home).Property(SkinHelper.PicturesBackground)]" icon="resource://resource.images.skinicons.wide/pictures.png">ActivateWindow(pictures,return)</shortcut>
			<shortcut label="10025" grouping="32029" icon="resource://resource.images.skinicons.wide/videos.png">ActivateWindow(Videos,return)</shortcut>
			<shortcut label="10004" grouping="32029" icon="resource://resource.images.skinicons.wide/settings.png">ActivateWindow(Settings)</shortcut>
			<shortcut label="1037" grouping="32029" icon="resource://resource.images.skinicons.wide/videoaddons.png">ActivateWindow(Videos,addons://sources/video/,return)</shortcut>
			<shortcut label="19163" grouping="32029" icon="resource://resource.images.skinicons.wide/tvrecordings.png" condition="PVR.HasTVChannels">ActivateWindow(TVRecordings,return)</shortcut>
			<shortcut label="19021" grouping="32029" icon="resource://resource.images.skinicons.wide/radio.png">ActivateWindow(radiochannels,return)</shortcut>
			<shortcut label="7" grouping="32029" icon="resource://resource.images.skinicons.wide/filemanager.png">ActivateWindow(filemanager)</shortcut>
			<shortcut label="10040" grouping="32029" icon="resource://resource.images.skinicons.wide/addons.png">ActivateWindow(addonbrowser,return)</shortcut>
			<shortcut label="20244" grouping="32029" icon="resource://resource.images.skinicons.wide/programs.png" condition="System.Platform.Android">ActivateWindow(10001,androidapp://sources/apps/,return)</shortcut>
			<shortcut label="10134" grouping="32029" icon="resource://resource.images.skinicons.wide/favourites.png">ActivateWindow(favouritesbrowser)</shortcut>
			<shortcut label="31062" grouping="32029" type="youtube" icon="resource://resource.images.skinicons.wide/youtube.png" condition="System.HasAddon(plugin.video.youtube)">ActivateWindow(10025,plugin://plugin.video.youtube,return)</shortcut>
			<shortcut label="10821" grouping="32029" icon="resource://resource.images.skinbackgrounds.titanium/hover_tetris.jpg">ActivateWindow(Games,return)</shortcut>
			<shortcut label="32032" type="playdvd" grouping="32029" icon="resource://resource.images.skinicons.wide/videos.png">PlayDVD()</shortcut>
		</node>
		<!-- playlists items-->
		<node label="559">
			<node label="32030">
				<content>playlist-video</content>
			</node>
			<node label="32031">
				<content>playlist-audio</content>
			</node>
		</node>
		
		<!-- video library-->
		<node label="32030">
			<shortcut label="19140" grouping="1212" type="1212" icon="resource://resource.images.skinicons.wide/musicsearch.png" condition="String.IsEmpty(Window(home).Property(netflixmenu))">RunScript(script.skin.helper.service,action=VIDEOSEARCH)</shortcut>
			<shortcut label="20381" type="32010">||BROWSE||script.skin.helper.widgets</shortcut>
			<content>video</content>
			<node label="32040">
				<content>playlist-video</content>
			</node>
			<node label="32010">
				<shortcut label="1037" type="32014" icon="DefaultAddonVideo.png">ActivateWindow(10025,addons://sources/video/,return)</shortcut>
				<content>addon-video</content>
			</node>
			
			<node label="32075">
				<content>videosources</content>
				<content>upnp-video</content>
			</node>
		</node>
		
		<!-- music -->
		<node label="32031">
			<shortcut label="10502" grouping="32029" icon="resource://resource.images.skinicons.wide/music.png">ActivateWindow(10502,musicdb://,return)</shortcut>
			<shortcut label="19021" grouping="32029" icon="resource://resource.images.skinicons.wide/radio.png" condition="String.IsEmpty(Window(home).Property(netflixmenu))">ActivateWindow(radiochannels,return)</shortcut>
            <shortcut label="19140" grouping="1211" type="1211" icon="resource://resource.images.skinicons.wide/musicsearch.png" condition="String.IsEmpty(Window(home).Property(netflixmenu))">RunScript(script.skin.helper.service,action=MUSICSEARCH)</shortcut>
			<shortcut label="589" grouping="1211" type="1211">PlayerControl(Partymode(music))</shortcut>
            <content>music</content>
			<node label="32040">
				<content>playlist-audio</content>
			</node>
			<node label="32011">
				<shortcut label="1038" type="32019" icon="DefaultAddonMusic.png" condition="String.IsEmpty(Window(home).Property(netflixmenu))">ActivateWindow(10502,Addons,return)</shortcut>
				<content>addon-audio</content>
			</node>
			<node label="32075">
				<content>musicsources</content>
				<content>upnp-music</content>
			</node>
		</node>
		
		<!-- Live TV -->
		<node label="32017" condition="PVR.HasTVChannels">
			<shortcut label="32022" grouping="32029" icon="resource://resource.images.skinicons.wide/livetv.png" condition="PVR.HasTVChannels">ActivateWindow(TVChannels)</shortcut>
			<shortcut label="19163" grouping="32029" icon="resource://resource.images.skinicons.wide/tvrecordings.png" condition="PVR.HasTVChannels">ActivateWindow(TVRecordings,return)</shortcut>
			<shortcut label="19021" grouping="32029" icon="resource://resource.images.skinicons.wide/radio.png" condition="PVR.HasTVChannels">ActivateWindow(radiochannels,return)</shortcut>
			<node label="32017" condition="PVR.HasTVChannels">
				<content>pvr</content>
				<node label="19023">
					<content>pvr-tv</content>
				</node>
			</node>
			<node label="32087" condition="PVR.HasRadioChannels">
				<content>radio</content>
				<node label="19024">
					<content>pvr-radio</content>
				</node>
			</node>
		</node>
		
		<!-- pictures -->
		<node label="32020">
			<shortcut label="10002" grouping="32029" icon="$INFO[Window(Home).Property(SkinHelper.PicturesBackground)]">ActivateWindow(pictures,return)</shortcut>
			<content>picturesources</content>
		</node>
		
        <!-- games -->
        <node label="Games" icon="DefaultGames.png">
			<shortcut label="Games (Retroplayer)" type="32009" icon="DefaultGames.png">ActivateWindow(Games,return)</shortcut>
			<node label="Advanced Emulator Launcher" condition="System.HasAddon(plugin.program.advanced.emulator.launcher)">
				<shortcut label="Categories"	 type="32009">||BROWSE||plugin.program.advanced.emulator.launcher/?com=SHOW_ALL_CATEGORIES</shortcut>
				<shortcut label="Launchers"		 type="32009">||BROWSE||plugin.program.advanced.emulator.launcher/?com=SHOW_ALL_LAUNCHERS</shortcut>
				<shortcut label="Favorite games" type="32009">ActivateWindow(Programs,"plugin://plugin.program.advanced.emulator.launcher/?com=SHOW_FAVOURITES",return)</shortcut>
				<shortcut label="Genres"		 type="32009">ActivateWindow(Programs,"plugin://plugin.program.advanced.emulator.launcher/?com=SHOW_VIRTUAL_CATEGORY&amp;catID=vcategory_genre",return)</shortcut>
				<shortcut label="Developers"	 type="32009">ActivateWindow(Programs,"plugin://plugin.program.advanced.emulator.launcher/?com=SHOW_VIRTUAL_CATEGORY&amp;catID=vcategory_developer",return)</shortcut>
				<shortcut label="Titles"		 type="32009">ActivateWindow(Programs,"plugin://plugin.program.advanced.emulator.launcher/?com=SHOW_VIRTUAL_CATEGORY&amp;catID=vcategory_title",return)</shortcut>
				<shortcut label="Years"			 type="32009">ActivateWindow(Programs,"plugin://plugin.program.advanced.emulator.launcher/?com=SHOW_VIRTUAL_CATEGORY&amp;catID=vcategory_year",return)</shortcut>
			</node>
        </node>								 
		
        <!-- addons -->
        <node label="32007">
			<node label="32009">
				<shortcut label="10001" type="32021" icon="resource://resource.images.skinicons.wide/programs.png">ActivateWindow(Programs,addons://sources/executable/,return)</shortcut>
                <shortcut label="20244" grouping="32029" icon="resource://resource.images.skinicons.wide/programs.png" condition="System.Platform.Android">ActivateWindow(Programs,androidapp://sources/apps/,return)</shortcut>
				<content>addon-program</content>
			</node>
            <shortcut label="20244" type="32029" condition="System.Platform.Android">||BROWSE||androidapp://sources/apps/</shortcut>
			<node label="32010">
				<shortcut label="1037" type="32014" icon="DefaultAddonVideo.png">ActivateWindow(10025,addons://sources/video/,return)</shortcut>
				<content>addon-video</content>
			</node>
			<node label="32011">
				<shortcut label="1038" type="32019" icon="DefaultAddonMusic.png">ActivateWindow(10502,addons://sources/audio/,return)</shortcut>
				<content>addon-audio</content>
			</node>
			<node label="32012">
				<shortcut label="1039" type="32020" icon="DefaultAddonPicture.png">ActivateWindow(Pictures,Addons,return)</shortcut>
				<content>addon-image</content>
			</node>
		</node>

		<!-- favourites-->	
		<node label="32006" condition="String.IsEmpty(Window(home).Property(netflixmenu))">
			<shortcut label="10134" grouping="32029" icon="resource://resource.images.skinicons.wide/favourites.png">ActivateWindow(favouritesbrowser)</shortcut>
			<content>favourite</content>
		</node>
		
		<!-- settings -->
		<node label="10004" condition="String.IsEmpty(Window(home).Property(netflixmenu))">
			<shortcut label="7" grouping="32029" icon="resource://resource.images.skinicons.wide/filemanager.png">ActivateWindow(filemanager)</shortcut>
            <shortcut label="130" grouping="32029" icon="resource://resource.images.skinbackgrounds.titanium/systeminfo.jpg">ActivateWindow(systeminfo)</shortcut>
			<content>settings</content>
		</node>
		
		<!-- xbmc commands -->
		<node label="32054" condition="String.IsEmpty(Window(home).Property(netflixmenu))">
			<shortcut label="31565" grouping="32029" condition="String.IsEmpty(Window(home).Property(powermenu))">submenu</shortcut>
			<shortcut label="20077" icon="common/skin-settings.png">ActivateWindow(SkinSettings)</shortcut>
			<shortcut label="10004" icon="common/settings1.png">ActivateWindow(Settings)</shortcut>
			<shortcut label="20126" icon="common/lock.png">System.LogOff</shortcut>
            <shortcut label="31714" icon="common/reload-skin.png">ReloadSkin</shortcut>
			<shortcut label="13012" icon="common/exit1.png">Quit()</shortcut>
			<shortcut label="13015" icon="common/shutdown1.png">ShutDown()</shortcut>
			<shortcut label="13013" icon="common/reboot1.png">Reboot</shortcut>
			<shortcut label="13010" icon="common/hybernate.png">Hibernate</shortcut>
			<shortcut label="20045" icon="common/mastermode.png">Mastermode</shortcut>
			<shortcut label="13016" icon="common/shutdown1.png">Powerdown()</shortcut>
			<shortcut label="13011" icon="common/sleep.png">Suspend</shortcut>
			<shortcut label="600" icon="common/rip-cd.png">RipCD</shortcut>
			<shortcut label="360" icon="common/screensaver.png">ActivateScreensaver</shortcut>
			<shortcut label="13014" icon="common/minimize.png">Minimize</shortcut>
			<shortcut label="32046" icon="common/update-video.png">UpdateLibrary(video)</shortcut>
			<shortcut label="32047" icon="common/update-audio.png">UpdateLibrary(music)</shortcut>
			<shortcut label="32055" icon="common/clean-video.png">CleanLibrary(video)</shortcut>
			<shortcut label="32056" icon="common/clean-audio.png">CleanLibrary(music)</shortcut>
			<shortcut label="20150" icon="common/shutdown-timer.png">AlarmClock(shutdowntimer,Powerdown())</shortcut>
			<shortcut label="20151" icon="common/cancel-timer.png">CancelAlarm(shutdowntimer,Powerdown())</shortcut>
			<shortcut label="14092" icon="common/toggle-debug.png">ToggleDebug</shortcut>
            <shortcut label="24034" icon="common/check-updates.png">UpdateAddonRepos</shortcut>
            <shortcut label="14111" icon="common/toggle-debug.png">ActivateWindow(eventlog)</shortcut>
		</node>
		

	</groupings>
    
    <widget-groupings>
		<!-- Smart Playlist Widgets -->
		<node label="559">
			<node label="32030">
				<content>playlist-video</content>
			</node>
			<node label="32031">
				<content>playlist-audio</content>
			</node>
		</node>
        <!-- script.skin.helper.service default widgets -->
        <shortcut label="Skinhelper Service Widgets" type="32010" icon="special://home/addons/script.skin.helper.service/icon.png" condition="System.HasAddon(script.skin.helper.service) + Window.IsActive(script-skinshortcuts.xml)">||BROWSE||script.skin.helper.service/?action=widgets&amp;path=scriptwidgets,smartshortcuts,smartishwidgets,extendedinfo,pvr,favourites,static</shortcut>
        <shortcut label="Skinhelper Service Widgets" type="32010" icon="special://home/addons/script.skin.helper.service/icon.png" condition="System.HasAddon(script.skin.helper.service) + !Window.IsActive(script-skinshortcuts.xml)">||BROWSE||script.skin.helper.service/?action=widgets&amp;path=scriptwidgets,smartshortcuts,smartishwidgets,extendedinfo,pvr,favourites</shortcut>
        
		<!-- embuary helper -->
		<shortcut label="Embuary Helper" type="32010" icon="special://home/addons/script.embuary.helper/resources/icon.png">||BROWSE||script.embuary.helper</shortcut>
		<!-- TheMovieDb Helper -->
		<shortcut label="TheMovieDb Helper" type="32010" icon="special://home/addons/plugin.video.themoviedb.helper/icon.png">||BROWSE||plugin.video.themoviedb.helper</shortcut>
		
		<!-- games -->
        <node label="10821">
			<shortcut label="Games (Retroplayer)" type="32009" icon="resource://resource.images.skinicons.wide/games.png" widget="addon" widgetType="program" widgetTarget="programs">addons://sources/game/</shortcut>
			
			<shortcut label="$LOCALIZE[10821] AEL Categories" type="32009" icon="DefaultGames.png" condition="System.HasAddon(plugin.program.advanced.emulator.launcher)">||BROWSE||plugin.program.advanced.emulator.launcher/?com=SHOW_ALL_CATEGORIES</shortcut>
			<shortcut label="$LOCALIZE[10821] AEL All Launchers" type="32009" icon="DefaultGames.png" condition="System.HasAddon(plugin.program.advanced.emulator.launcher)">||BROWSE||plugin.program.advanced.emulator.launcher/?com=SHOW_ALL_LAUNCHERS</shortcut>
        
			<shortcut condition="System.HasAddon(plugin.program.advanced.emulator.launcher)" label="Favorite games" icon="DefaultGames.png" widget="addon" widgetType="program" widgetTarget="programs">plugin://plugin.program.advanced.emulator.launcher/?com=SHOW_FAVOURITES</shortcut>
			<shortcut condition="System.HasAddon(plugin.program.advanced.emulator.launcher)" label="Genres" icon="DefaultGames.png" widget="addon" widgetType="program" widgetTarget="programs">plugin://plugin.program.advanced.emulator.launcher/?com=SHOW_VIRTUAL_CATEGORY&amp;catID=vcategory_genre</shortcut>
			<shortcut condition="System.HasAddon(plugin.program.advanced.emulator.launcher)" label="Developers" icon="DefaultGames.png" widget="addon" widgetType="program" widgetTarget="programs">plugin://plugin.program.advanced.emulator.launcher/?com=SHOW_VIRTUAL_CATEGORY&amp;catID=vcategory_developer</shortcut>
			<shortcut condition="System.HasAddon(plugin.program.advanced.emulator.launcher)" label="Titles" icon="DefaultGames.png" widget="addon" widgetType="program" widgetTarget="programs">plugin://plugin.program.advanced.emulator.launcher/?com=SHOW_VIRTUAL_CATEGORY&amp;catID=vcategory_title</shortcut>
			<shortcut condition="System.HasAddon(plugin.program.advanced.emulator.launcher)" label="Years" icon="DefaultGames.png" widget="addon" widgetType="program" widgetTarget="programs">plugin://plugin.program.advanced.emulator.launcher/?com=SHOW_VIRTUAL_CATEGORY&amp;catID=vcategory_year</shortcut>
		</node>
		
		<!-- smart shortcuts -->
        <content>widgets</content>
		
		<!-- lib -->
		<node label="32030">
			<content>video</content>
			<node label="32040">
				<content>playlist-video</content>
			</node>
			<node label="32010">
				<content>addon-video</content>
			</node>
			<node label="32075">
				<content>videosources</content>
			</node>
		</node>
		<node label="32017">
			<shortcut widget="LastPlayedChannels" label="568" icon="DefaultAddonPVRClient.png" widgetTarget="pvr">pvr://channels/tv/*?view=lastplayed</shortcut>
            <shortcut widget="AllChannels" label="19287" icon="DefaultAddonPVRClient.png" widgetTarget="pvr">pvr://channels/tv/*</shortcut>
            <shortcut widget="ActiveRecordings" label="10701" icon="DefaultAddonPVRClient.png" widgetTarget="pvr">pvr://recordings/tv/active?view=flat</shortcut>
            <shortcut widget="DeletedRecordings" label="19184" icon="DefaultAddonPVRClient.png" widgetTarget="pvr">pvr://recordings/tv/deleted?view=flat</shortcut>
            <shortcut widget="Timers" label="19040" icon="DefaultAddonPVRClient.png" widgetTarget="pvr">pvr://timers/tv/timers</shortcut>
		</node>
		<node label="32087">
			<shortcut widget="RadioLastPlayedChannels" label="568" icon="DefaultAddonPVRClient.png" widgetTarget="pvr">pvr://channels/radio/*?view=lastplayed</shortcut>
            <shortcut widget="RadioAllChannels" label="19287" icon="DefaultAddonPVRClient.png" widgetTarget="pvr">pvr://channels/radio/*</shortcut>
            <shortcut widget="RadioActiveRecordings" label="10706" icon="DefaultAddonPVRClient.png" widgetTarget="pvr">pvr://recordings/radio/active?view=flat</shortcut>
            <shortcut widget="RadioDeletedRecordings" label="19184" icon="DefaultAddonPVRClient.png" widgetTarget="pvr">pvr://recordings/radio/deleted?view=flat</shortcut>
            <shortcut widget="RadioTimers" label="19040" icon="DefaultAddonPVRClient.png" widgetTarget="pvr">pvr://timers/radio/timers</shortcut>
         </node>
		<node label="32031">
			<content>music</content>
			<node label="32040">
				<content>playlist-audio</content>
			</node>
			<node label="32011">
				<content>addon-audio</content>
			</node>
			<node label="32075">
				<content>musicsources</content>
			</node>
		</node>
		<node label="32020">
			<content>picturesources</content>
		</node>
		<node label="32007">
			<node label="32010">
				<content>addon-video</content>
			</node>
			<node label="32011">
				<content>addon-audio</content>
			</node>
			<node label="32012">
				<content>addon-image</content>
			</node>
            <node label="32009">
				<content>addon-program-plugin</content>
			</node>
			<shortcut label="10001" type="32021" icon="DefaultAddonProgram.png" widget="addon" widgetType="program" widgetTarget="programs">addons://sources/executable</shortcut>
			<shortcut label="1037" type="32014" icon="DefaultAddonVideo.png" widget="addon" widgetType="video" widgetTarget="video">addons://sources/video</shortcut>
			<shortcut label="1038" type="32019" icon="DefaultAddonMusic.png" widget="addon" widgetType="music" widgetTarget="music">addons://sources/audio</shortcut>
			<shortcut label="1039" type="32020" icon="DefaultAddonPicture.png" widget="addon" widgetType="picture" widgetTarget="pictures">addons://sources/image</shortcut>
		</node>
		<!-- favourites -->
		<node label="32006">
			<shortcut label="1036" widget="favourites" widgetType="favourites" icon="defaultfavourites.png">favourites://</shortcut>
			<content>favourite</content>
		</node>
		
		<!-- android apps -->
		<shortcut label="20244" type="32021" icon="DefaultAddonProgram.png" widget="addon" widgetType="program" widgetTarget="programs" condition="System.Platform.Android">androidapp://sources/apps</shortcut>
		
	</widget-groupings>
    
	<background label="smartshortcuts">||BROWSE||plugin://script.skin.helper.service/?action=backgrounds</background>
	
	<!-- default backgrounds -->
	<backgrounddefault defaultID="movies">$INFO[Window(Home).Property(SkinHelper.AllMoviesBackground)]</backgrounddefault>
	<propertydefault defaultID="movies" property="backgroundName">Random movies background</propertydefault>
	<backgrounddefault defaultID="tvshows">$INFO[Window(Home).Property(SkinHelper.AllTvShowsBackground)]</backgrounddefault>
	<propertydefault defaultID="tvshows" property="backgroundName">Random Tv Shows background</propertydefault>
	
	<backgrounddefault defaultID="10502">$INFO[Window(Home).Property(SkinHelper.AllMusicBackground)]</backgrounddefault>
	<propertydefault defaultID="10502" property="backgroundName">Random music artists background</propertydefault>
	<backgrounddefault defaultID="musicvideos">$INFO[Window(Home).Property(SkinHelper.AllMusicVideosBackground)]</backgrounddefault>
	<propertydefault defaultID="musicvideos" property="backgroundName">Random music videos background</propertydefault>
	<backgrounddefault defaultID="pictures">$INFO[Window(Home).Property(SkinHelper.PicturesBackground)]</backgrounddefault>
	<propertydefault defaultID="pictures" property="backgroundName">Random pictures background</propertydefault>
	<backgrounddefault defaultID="videos">$INFO[Window(Home).Property(SkinHelper.GlobalFanartBackground)]</backgrounddefault>
	<propertydefault defaultID="videos" property="backgroundName">Global media fanart background</propertydefault>
	<backgrounddefault defaultID="weather">$INFO[Skin.String(WeatherFanArtPack.path)]$INFO[Window(Weather).Property(Current.FanartCode)]$INFO[Skin.String(WeatherFanArtPack.ext)]</backgrounddefault>
	<backgrounddefault defaultID="livetv">$INFO[Window(Home).Property(SkinHelper.PvrBackground)]</backgrounddefault>
	<propertydefault defaultID="livetv" property="backgroundName">571</propertydefault>
	<backgrounddefault defaultID="plugin.video.youtube">resource://resource.images.skinbackgrounds.titanium/hover_extensions.jpg</backgrounddefault>
	<propertydefault defaultID="plugin.video.youtube" property="backgroundName">571</propertydefault>
	<backgrounddefault defaultID="10040">resource://resource.images.skinbackgrounds.titanium/programs.jpg</backgrounddefault>
	<propertydefault defaultID="10040" property="backgroundName">571</propertydefault>
	<backgrounddefault defaultID="settings">resource://resource.images.skinbackgrounds.titanium/systeminfo.jpg</backgrounddefault>
	<propertydefault defaultID="settings" property="backgroundName">571</propertydefault>

	
	<!-- widgets -->
	<widget label="31531" type="32010" condition="Window.IsActive(script-skinshortcuts.xml)">||BROWSE||script.skin.helper.service/?action=smartshortcuts</widget>
    <widget label="$INFO[System.AddonTitle(script.service.gto)]" condition="System.HasAddon(script.service.gto)" type="livetv" target="livetv" path="plugin://script.service.gto?action=getcontent&amp;ts=$INFO[Window(Home).Property(GTO.timestamp)]">gto</widget>

	<!-- default widgets -->
	<widgetdefaultnode defaultID="movies" group="mainmenu" label="In progress movies" type="movies" path="special://skin/playlists/video/InProgressMovies.xsp" target="video">inprogressmovies</widgetdefaultnode>
	<widgetdefaultnode defaultID="tvshows" group="mainmenu" label="In progress episodes" type="episodes" path="special://skin/playlists/video/InProgressEpisodes.xsp" target="video">inprogressepisodes</widgetdefaultnode>
	<widgetdefaultnode defaultID="music" group="mainmenu" label="$LOCALIZE[359]" type="albums" path="musicdb://recentlyaddedalbums/" target="music">recentalbums</widgetdefaultnode>
	<widgetdefaultnode defaultID="musicvideos" group="mainmenu" label="$LOCALIZE[20390]" type="musicvideos" path="videodb://recentlyaddedmusicvideos/" target="video">recentmusicvideos</widgetdefaultnode>
	<widgetdefaultnode defaultID="livetv" group="mainmenu" label="$LOCALIZE[19017]" type="pvr" path="plugin://script.skin.helper.widgets/?action=recordings&amp;mediatype=pvr&amp;reload=$INFO[Window(Home).Property(widgetreload2)]" target="pvr">tvrecordings</widgetdefaultnode>
	<widgetdefaultnode defaultID="weather" group="mainmenu" label="$LOCALIZE[8]" type="static" path="$INCLUDE[WeatherWidget]" target="static">weather</widgetdefaultnode>
	<widgetdefaultnode defaultID="settings" group="mainmenu" label="$LOCALIZE[130]" type="static" path="$INCLUDE[SystemInfoWidget]" target="static">systeminfo</widgetdefaultnode>

    <!-- secondary widgets -->
    <propertydefault defaultID="movies" property="widget.1">recentmovies</propertydefault>
    <propertydefault defaultID="movies" property="widgetTarget.1">video</propertydefault>
    <propertydefault defaultID="movies" property="widgetType.1">movies</propertydefault>
    <propertydefault defaultID="movies" property="widgetPath.1">videodb://recentlyaddedmovies/</propertydefault>
    <propertydefault defaultID="movies" property="widgetName.1">$LOCALIZE[20386]</propertydefault>
    
    <propertydefault defaultID="tvshows" property="widget.1">recentepisodes</propertydefault>
    <propertydefault defaultID="tvshows" property="widgetTarget.1">video</propertydefault>
    <propertydefault defaultID="tvshows" property="widgetType.1">episodes</propertydefault>
    <propertydefault defaultID="tvshows" property="widgetPath.1">videodb://recentlyaddedepisodes/</propertydefault>
    <propertydefault defaultID="tvshows" property="widgetName.1">$LOCALIZE[20387]</propertydefault>
    
    <propertydefault defaultID="music" property="widget.1">recentsongs</propertydefault>
    <propertydefault defaultID="music" property="widgetTarget.1">music</propertydefault>
    <propertydefault defaultID="music" property="widgetType.1">songs</propertydefault>
    <propertydefault defaultID="music" property="widgetPath.1">musicdb://recentlyaddedalbums/</propertydefault>
    <propertydefault defaultID="music" property="widgetName.1">Recently Added Albums</propertydefault>
    
    <!-- spotlight widgets -->
    <propertydefault defaultID="movies" property="widget.99">randommovies</propertydefault>
    <propertydefault defaultID="movies" property="widgetTarget.99">video</propertydefault>
    <propertydefault defaultID="movies" property="widgetType.99">movies</propertydefault>
    <propertydefault defaultID="movies" property="widgetPath.99">special://skin/playlists/video/SpotlightMovies.xsp</propertydefault>
    <propertydefault defaultID="movies" property="widgetName.99">Spotlight</propertydefault>
    
    <propertydefault defaultID="tvshows" property="widget.99">randomtvshows</propertydefault>
    <propertydefault defaultID="tvshows" property="widgetTarget.99">video</propertydefault>
    <propertydefault defaultID="tvshows" property="widgetType.99">tvshows</propertydefault>
    <propertydefault defaultID="tvshows" property="widgetPath.99">special://skin/playlists/video/SpotlightTVshows.xsp</propertydefault>
    <propertydefault defaultID="tvshows" property="widgetName.99">Spotlight</propertydefault>
    
    <!-- widget style -->
    <propertySettings property="widgetstyle" buttonID="1001" title="$LOCALIZE[31507]" showNone="False" imageBrowse="False" /> 
    <property property="widgetstyle" label="$LOCALIZE[31641]">Global</property> 
    <property property="widgetstyle" label="Landscape" condition="!Skin.String(HomeLayout,simplever)" icon="special://skin/extras/viewthumbs/widget_hor_landscape.jpg">landscape</property>
    <property property="widgetstyle" label="Poster" condition="!Skin.String(HomeLayout,simplever)" icon="special://skin/extras/viewthumbs/widget_hor_poster.jpg">poster</property>
    <property property="widgetstyle" label="Single Box" condition="!Skin.String(HomeLayout, netflix) + !Skin.String(HomeLayout,simplever)" icon="special://skin/extras/viewthumbs/widget_hor_singlebox.jpg">single box</property>
    <property property="widgetstyle" label="Small poster" condition="!Skin.String(HomeLayout,simplever)" icon="special://skin/extras/viewthumbs/widget_hor_smallposter.jpg">small_poster</property>
    <property property="widgetstyle" label="Square" condition="!Skin.String(HomeLayout,simplever)" icon="special://skin/extras/viewthumbs/widget_hor_square.jpg">square</property>
    <property property="widgetstyle" label="Wide Box" condition="!Skin.String(HomeLayout, netflix) + !Skin.String(HomeLayout,simplever)" icon="special://skin/extras/viewthumbs/widget_hor_widebox.jpg">wide box</property>
    <property property="widgetstyle" label="Landscape" condition="Skin.String(HomeLayout,simplever)" icon="special://skin/extras/viewthumbs/widget_ver_landscape.jpg">landscape</property>
    <property property="widgetstyle" label="Poster" condition="Skin.String(HomeLayout,simplever)" icon="special://skin/extras/viewthumbs/widget_ver_poster.jpg">poster</property>
    <property property="widgetstyle" label="Single Box" condition="Skin.String(HomeLayout,simplever)" icon="special://skin/extras/viewthumbs/widget_ver_singlebox.jpg">single box</property>
    <property property="widgetstyle" label="Small poster" condition="Skin.String(HomeLayout,simplever)" icon="special://skin/extras/viewthumbs/widget_ver_smallposter.jpg">small_poster</property>
    <property property="widgetstyle" label="Square" condition="Skin.String(HomeLayout,simplever)" icon="special://skin/extras/viewthumbs/widget_ver_square.jpg">square</property>
    <property property="widgetstyle" label="Wide Box" condition="Skin.String(HomeLayout,simplever)" icon="special://skin/extras/viewthumbs/widget_ver_widebox.jpg">wide box</property>
    
    <propertydefault defaultID="music" property="widgetstyle">square</propertydefault>
    <widgetRename>False</widgetRename> 

    
<override action="submenu">
	<condition>true</condition>
	<action>SetFocus(4444,0)</action>
</override>
<override action="ActivateWindow(1100)">
	<condition>true</condition>
	<action>Skin.Reset(SearchTerm)</action>
	
	<action>ActivateWindow(1100)</action>
</override>
<override action="globaloverride" group="mainmenu">
	<condition>![Skin.HasSetting(OpenSubMenuOnClick) + Integer.IsGreater(Container(4445).NumItems,0) + ![String.Contains(Skin.String(HomeLayout), netflix) | String.Contains(Skin.String(HomeLayout), win10)]]</condition>
	<action>::ACTION::</action>
</override>
<override action="globaloverride" group="mainmenu">
	<condition>[Skin.HasSetting(OpenSubMenuOnClick) + Integer.IsGreater(Container(4445).NumItems,0)] | [String.Contains(Skin.String(HomeLayout), netflix) | String.Contains(Skin.String(HomeLayout), win10)]</condition>
	<action>SetFocus(4444,0)</action>
</override>


<groupoverride group="powermenu" condition="Window.IsActive(DialogButtonMenu.xml)">Dialog.Close(all,true)</groupoverride>

			
</overrides>


