<?xml version="1.0" encoding="UTF-8" standalone="yes"?>
<addon id="script.lastfmplaylistgeneratorPM"
       name="Last.FM Playlist Generator (Partymode)"
       version="1.5.0"
       provider-name="KikiGonzales">
  <requires>
    <import addon="xbmc.python" version="3.0.0"/>
    <import addon="script.module.simplejson" version="2.1.1"/>
  </requires>
  <extension point="xbmc.python.script"
             library="default.py">
    <provides>audio</provides>
  </extension> 
  <extension point="xbmc.addon.metadata">
    <platform>all</platform>
    <minversion>1</minversion>
    <summary>Last.FM Playlist Generator (Partymode)</summary>
    <description>Create smart playlists with the help of Last.FM</description>
 	<assets>
            <icon>icon.png</icon>
        </assets>
  </extension>
</addon>
