<?xml version="1.0" encoding="utf-8"?>
<!-- TITAN MOD -->

<includes>
	
	<!-- NEW FONTS WIP -->
		<!-- FONTS still used for circle tags if no artwork, change me-->
		<include name="Title_CircleC_Header70">
			<font>
				<name>Title_CircleC_Header70</name>
				<filename>circlec.ttf</filename>
				<size>70</size>
			</font>
		</include>
		<!-- FONTS -->
		<include name="Title_CircleC_Header46">
			<font>
				<name>Title_CircleC_Header46</name>
				<filename>circlec.ttf</filename>
				<size>48</size>
			</font>
		</include>
		
		<!-- Netflix Fonts Helvetica Neue -->
		<!-- Title,no logo -->
		<include name="Netflix_Title">
			<font>
				<name>Netflix_Title</name>
				<filename>HelveticaNeueLt.ttf</filename>
				<size>60</size>
				<style>bold</style>
				<linespacing>0.9</linespacing>
			</font>
		</include>
		<include name="font_Netflix_Title">
			<font>Netflix_Title</font>
		</include>
		<include name="font_Def_Title">
			<font>Reg66</font>
		</include>
		
		<!-- Detail row 1st row -->
		<include name="Netflix_DetailRow">
			<font>
				<name>Netflix_DetailRow</name>
				<filename>HelveticaNeueLt.ttf</filename>
				<size>25</size>
				<linespacing>1.0</linespacing>
			</font>
		</include>
		<include name="font_Netflix_DetailRow">
			<font>Netflix_DetailRow</font>
		</include>
		<include name="font_Def_DetailRow">
			<font>Reg24</font>
		</include>
		
		<!-- Detail row av codec -->
		<include name="Netflix_DetailRow_Codec">
			<font>
				<name>Netflix_DetailRow_Codec</name>
				<filename>HelveticaNeue Medium.ttf</filename>
				<size>26</size>
				<style>bold</style>
				<linespacing>1.0</linespacing>
			</font>
		</include>
		<include name="font_Netflix_DetailRow_Codec">
			<font>Netflix_DetailRow_Codec</font>
		</include>
		<include name="font_Def_DetailRow_Codec">
			<font>Bold22</font>
		</include>
		<!-- plot -->
		<include name="Netflix_Plot">
			<font>
				<name>Netflix_Plot</name>
				<filename>HelveticaNeueLt.ttf</filename>
				<size>28</size>
				<style>bold</style>
				<aspect>1.06</aspect>
				<linespacing>1.2</linespacing>
			</font>
		</include>
		<include name="font_Netflix_Plot">
			<font>Netflix_Plot</font>
		</include>
		<include name="font_Plot">
			<font>Reg28</font>
		</include>
		
		
		
		
		<include name="font_Plot529">
			<font>Plot529</font>
		</include>
		<include name="Plot529">
			<font>
				<name>Plot529</name>
				<filename>Light-new.ttf</filename>
				<style>bold</style>
				<size>28</size>
				<linespacing>1.2</linespacing>
			</font>
		</include>
		
		
</includes>