<?xml version="1.0" encoding="UTF-8"?>
<includes>
    <include name="VerticalHome">
        <!-- widgets -->
        <control type="group">
			<left>30</left>
            <width>121%</width>
            <height>100%</height>
			<!-- <bottom>15</bottom> -->
            <!-- fade Widget when submenu active -->
            <animation type="Conditional" condition="[String.Contains(Window(Home).Property(submenu),show) | Control.HasFocus(4444)] + !Control.HasFocus(77777)">
                <effect type="fade" start="100" end="30" time="450" delay="0" tween="cubic" easing="inout" />
			<!-- Back Easing InOut when main active -->
            </animation>
			<animation type="Conditional" condition="[String.Contains(Window(Home).Property(submenu),show) | Control.HasFocus(300) | Control.HasFocus(311055)] + !Control.HasFocus(77777)">
                <effect type="slide" start="-445" end="0" time="450" delay="0"  />
            </animation>
            
            <!-- infopanel -->
            <control type="group" id="77551">
				<left>475</left>
                <width>1810</width>
                <visible>!Skin.HasSetting(HideWidgetDetailsPanel) + !Skin.HasSetting(VerticalHomeLargeWidget)</visible>
                <visible>!String.EndsWith(Window(Home).Property(widgetstyle),box)</visible>
				<visible>!String.EndsWith(Window(Home).Property(widgetstyle),details)</visible>
                <visible>!Control.HasFocus(4446)</visible>
                <visible>ControlGroup(77777).HasFocus() + !String.IsEqual(Container(300).ListItem.Property(widget),submenuaswidget)</visible>
                <visible>!Window.IsActive(notification) + !Window.IsActive(extendedprogressdialog) + !Control.IsVisible(88888)</visible>
				<animation effect="fade" time="450">VisibleChange</animation>
				
                <control type="image">
                    <texture border="15">diffuse/bgpanel.png</texture>
                    <visible>!Skin.HasSetting(HideWidgetPanelBackground)</visible>
                    <colordiffuse>$VAR[ViewDetailsFocusColor]</colordiffuse>
                    <aspectratio>stretch</aspectratio>
                    <width>1820</width>
					<height>180</height>
					<top>10</top>
                    <visible>!Skin.HasSetting(LargeWidgetDetailsPanel) + Skin.String(HomeLayout, verticalbig)</visible>
                </control>
				<control type="image">
                    <texture border="15">diffuse/bgpanel.png</texture>
                    <visible>!Skin.HasSetting(HideWidgetPanelBackground)</visible>
                    <colordiffuse>$VAR[ViewDetailsFocusColor]</colordiffuse>
                    <aspectratio>stretch</aspectratio>
                    <width>1820</width>
					<height>180</height>
					<top>10</top>
                    <visible>!Skin.HasSetting(LargeWidgetDetailsPanel) + !Skin.String(HomeLayout, verticalbig)</visible>
                </control>
                <control type="image">
					<texture border="15">diffuse/bgpanel.png</texture>
                    <visible>!Skin.HasSetting(HideWidgetPanelBackground)</visible>
                    <colordiffuse>$VAR[ViewDetailsFocusColor]</colordiffuse>
                    <aspectratio>stretch</aspectratio>
                    <left>-10</left>
					<top>5</top>
					<width>1825</width>
					<height>99%</height>

                    <visible>Skin.HasSetting(LargeWidgetDetailsPanel) + Skin.String(HomeLayout, verticalbig)</visible>
                </control>
				<control type="image">
					<texture border="15">diffuse/bgpanel.png</texture>
                    <visible>!Skin.HasSetting(HideWidgetPanelBackground)</visible>
                    <colordiffuse>$VAR[ViewDetailsFocusColor]</colordiffuse>
                    <aspectratio>stretch</aspectratio>
                    <left>-10</left>
					<top>5</top>
					<width>1825</width>
					<height>99%</height>

                    <visible>Skin.HasSetting(LargeWidgetDetailsPanel) + !Skin.String(HomeLayout, verticalbig)</visible>
                </control>
                <control type="label">
                    <posx>15</posx>
                    <top>20</top>
					<height>30</height>
                    <label fallback="19055">$VAR[HomeMenuWidgetInfoLabel]</label>
                    <textcolor>$INFO[Skin.String(ViewDetailsHighlightTextColor)]</textcolor>
                    <shadowcolor>$INFO[Skin.String(ViewDetailsHighlightTextShadowColor)]</shadowcolor>
                    <align>justify</align>
                    <font>Reg28</font>
					<visible>Skin.String(HomeLayout, verticalbig)</visible>
                </control>
				<control type="label">
                    <posx>15</posx>
                    <top>20</top>
					<height>30</height>
                    <label fallback="19055">$VAR[HomeMenuWidgetInfoLabel]</label>
                    <textcolor>$INFO[Skin.String(ViewDetailsHighlightTextColor)]</textcolor>
                    <shadowcolor>$INFO[Skin.String(ViewDetailsHighlightTextShadowColor)]</shadowcolor>
                    <align>justify</align>
                    <font>Reg28</font>
					<visible>!Skin.String(HomeLayout, verticalbig)</visible>
                </control>
                <control type="textbox">
                    <posx>20</posx>
                    <top>60</top>
                    <width>97%</width>
                    <height>115</height>
                    <label fallback="19055">$VAR[HomeMenuWidgetInfoPlotAlt]</label>
                    <textcolor>$INFO[Skin.String(ViewDetailsTextColor)]</textcolor>
                    <shadowcolor>$INFO[Skin.String(ViewDetailsTextShadowColor)]</shadowcolor>
                    <align>justify</align>
                    <font>Reg24</font>
					<visible>Skin.String(HomeLayout, verticalbig)</visible>
                </control>
				<control type="textbox">
                    <posx>20</posx>
                    <top>60</top>
                    <width>97%</width>
                    <height>115</height>
                    <label fallback="19055">$VAR[HomeMenuWidgetInfoPlotAlt]</label>
                    <textcolor>$INFO[Skin.String(ViewDetailsTextColor)]</textcolor>
                    <shadowcolor>$INFO[Skin.String(ViewDetailsTextShadowColor)]</shadowcolor>
                    <align>justify</align>
                    <font>Reg24</font>
					<visible>!Skin.String(HomeLayout, verticalbig)</visible>
                </control>
            </control>
            
            <!-- widgets -->
            <include condition="!Skin.HasSetting(DisableAllWidgets) + !Skin.HasSetting(VerticalHomeLargeWidget)">VerticalWidgets</include>
            <include condition="!Skin.HasSetting(DisableAllWidgets) + Skin.HasSetting(VerticalHomeLargeWidget)">VerticalWidgetsLarge</include>
            
            <!-- fake button for submenu at focus -->
            <control type="button" id="4444">
                <right>-1</right>
                <width>1</width>
                <height>1</height>
                <onfocus>SetFocus(4446)</onfocus>
                <visible>String.IsEqual(Container(300).Listitem.Property(squaresubmenu),enable)</visible>
            </control>
            
        </control>
        
        <control type="group">
            <!-- fade when widget active -->
            <animation type="Conditional" condition="Control.IsVisible(77551)">
                <effect type="fade" start="100" end="50" time="150" delay="0" tween="cubic" easing="inout" />
            </animation>
            <include condition="!Skin.String(HomeLayout, verticalbig)">HomeSimpleVertical</include>
            <include condition="Skin.String(HomeLayout, verticalbig)">HomeBigVertical</include>
        </control>
        
        <!--RSS -->			
        <control type="rss">	
            <description>RSS Feed</description>
            <right>60</right>
            <bottom>0</bottom>
            <width>1400</width>
            <height>40</height>
            <font>Light28</font>
            <urlset>1</urlset>
            <titlecolor>$INFO[Skin.String(GeneralHighlightTextColor)]</titlecolor>
            <headlinecolor>$INFO[Skin.String(FooterTextColor)]</headlinecolor>
            <textcolor>$INFO[Skin.String(GeneralHighlightTextColor)]</textcolor>
            <visible>system.getbool(lookandfeel.enablerssfeeds) + [String.IsEmpty(Container(300).ListItem.Property(infoline)) | String.IsEqual(Container(300).ListItem.Property(infoline),none)]</visible>
        </control>
        <control type="label">	
            <description>InfoLine</description>
            <right>60</right>
            <bottom>0</bottom>
            <width>1400</width>
            <height>40</height>
            <font>Light28</font>
            <font>Reg28</font>
            <align>right</align>
            <aligny>center</aligny>
            <label>[UPPERCASE]$VAR[infolinevar][/UPPERCASE]</label>
            <textcolor>$INFO[Skin.String(FooterTextColor)]</textcolor>
            <visible>!Window.IsVisible(shutdownmenu) | !Control.HasFocus(311055)</visible>
        </control>
        
    </include>
    
    <!-- Simple Vertical Home -->
    <include name="HomeSimpleVertical">
        <control type="group">

            <!--Panel-->
            <control type="image">
                <posy>0</posy>
                <posx>0</posx>
                <width>490</width>
                <height>100%</height>
                <texture>colors/color_white.png</texture>
                <aspectratio>stretch</aspectratio>
                <colordiffuse>$INFO[Skin.String(MainMenuPanelColor)]</colordiffuse>
                <visible>Skin.String(MainMenuPanelColor) + !Skin.String(MainMenuPanelColor,None) + !Skin.HasSetting(HideMainPanelBackground)</visible>
				<animation type="Conditional" condition="[String.Contains(Window(Home).Property(submenu),show) | Control.HasFocus(300) | Control.HasFocus(311055)] + !Control.HasFocus(77777)">
					<effect type="slide" start="-580" end="0" time="450" delay="0"  />
				</animation>
            </control>
            
            <!-- Header -->
            <include>Header</include>

            <!--submenu normal-->
            <include condition="!Skin.HasSetting(DisableAllSubmenus) + !Skin.HasSetting(VerticalHomeInlineSubmenu)">HomeSimpleVerticalSubMenuNormal</include>

            <!-- Main menu -->
            <control type="image">
			<animation type="Conditional" condition="[String.Contains(Window(Home).Property(submenu),show) | Control.HasFocus(300) | Control.HasFocus(311055)] + !Control.HasFocus(77777)">
                <effect type="slide" start="-520" end="0" time="450" delay="0"  />
            </animation>
                <!-- arrow up -->
                <animation effect="fade" start="100" end="50" tween="sine" easing="inout" time="800" pulse="true" reversible="false" condition="true">Conditional</animation>
                <animation effect="slide" start="0" end="-325" time="0" delay="0" condition="Skin.HasSetting(SimpleVerHomeLeftAlign)">Conditional</animation>
                <left>230</left>
                <posy>100</posy>
                <width>25</width>
                <height>60</height>
                <aspectratio>keep</aspectratio>
                <texture>home/home_arrow_up.png</texture>
                <colordiffuse>$INFO[Skin.String(ViewDetailsListItemTextColor)]</colordiffuse>
                <visible>Container(300).HasPrevious + !Skin.HasSetting(HideHomeTileIndicators)</visible>
            </control>
            <control type="image">
			<animation type="Conditional" condition="[String.Contains(Window(Home).Property(submenu),show) | Control.HasFocus(300) | Control.HasFocus(311055)] + !Control.HasFocus(77777)">
                <effect type="slide" start="-520" end="0" time="450" delay="0"  />
            </animation>
                <!-- arrow down -->
                <animation effect="fade" start="100" end="50" tween="sine" easing="inout" time="800" pulse="true" reversible="false" condition="true">Conditional</animation>
                <animation effect="slide" start="0" end="-325" time="0" delay="0" condition="Skin.HasSetting(SimpleVerHomeLeftAlign)">Conditional</animation>
                <left>230</left>
                <posy>1000</posy>
                <width>25</width>
                <height>60</height>
                <aspectratio>keep</aspectratio>
                <texture>home/home_arrow_down.png</texture>
                <colordiffuse>$INFO[Skin.String(ViewDetailsListItemTextColor)]</colordiffuse>
                <visible>Container(300).HasNext + !Skin.HasSetting(HideHomeTileIndicators)</visible>
            </control>
			
            <control type="list" id="300">  
				<!-- MAIN lost focus -->
				<animation effect="slide" start="0" end="-600" time="450" condition="Control.HasFocus(4444) | !Control.HasFocus(300) + [!Control.HasFocus(311055) | Window.IsActive(ShutdownMenu)]">Conditional</animation>
					
				<!-- MAIN MENU FADE, SUB get focus, left align -->
				
                <animation effect="fade" time="100" start="100" end="0" reversible="true" condition="Control.HasFocus(4444)">Conditional</animation>
             
				<posx>0</posx>
                <posy>150</posy>
                <width>490</width>
                <include condition="Skin.String(HomeLayout, simplever_tiles)">HomeSimpleVertical_AltHeight</include>
                <height>800</height>
                <onup condition="!Skin.HasSetting(ShowProfile)">300</onup>
                <onup condition="Skin.HasSetting(ShowProfile)">Control.SetFocus(890,0)</onup>
                <ondown>300</ondown>
                <onback condition="!Skin.HasSetting(DisablePowerMenu)">Control.SetFocus(311055,0)</onback>
				<!-- <onback condition="!Skin.HasSetting(DisablePowerMenu)">ActivateWindow(ShutdownMenu)</onback> -->
                <onright condition="Control.IsVisible(4446)">Control.SetFocus(4446,0)</onright>
                <onleft condition="!Control.IsVisible(4446) + Integer.IsGreater(Container(4445).NumItems,0) + !Skin.HasSetting(OpenSubMenuOnClick)">Control.SetFocus(4444,0)</onleft>
                <onright condition="!Control.IsVisible(4446)">$VAR[focusWidget]</onright>
                <scrolltime tween="quadratic">200</scrolltime>
                <movement>0</movement>
                <preloaditems>4</preloaditems>
                <itemlayout height="80" width="490" condition="!Skin.String(HomeLayout, simplever_tiles)">
                    <control type="label">
                        <right>20</right>
                        <posy>0</posy>
                        <width>90%</width>
                        <height>80</height>
                        <include condition="Skin.HasSetting(SimpleVerHomeLeftAlign)">align_left</include> <!-- MAIN LEFT SETTING 1-->
                        <align>right</align>
                        <aligny>center</aligny>
                        <textcolor>$INFO[Skin.String(MainMenuTextColor)]</textcolor>
                        <focusedcolor>$INFO[Skin.String(MainMenuTextColor)]</focusedcolor>
                        <selectedcolor>$INFO[Skin.String(MainMenuTextColor)]</selectedcolor>
                        <label>$INFO[ListItem.Label]</label>
                        <font>Reg40</font>				<!-- non focus main label -->
                        <scroll>false</scroll>
                    </control>
                </itemlayout>
                <itemlayout height="verthome_tiles_height" width="375" condition="Skin.String(HomeLayout, simplever_tiles)">
                    <control type="group">
                        <width>375</width>
						<left>50</left>
                        <height>verthome_tiles_height</height>
                        <control type="image">
                            <texture background="true" diffuse="home/home_matte2.png" fallback="resource://resource.images.skinicons.wide/addons.png">$INFO[ListItem.Icon]</texture>
                            <aspectratio scalediffuse="false" align="center" aligny="top">scale</aspectratio>
                            <visible>!Skin.HasSetting(ColorizeHomeVerticalTiles)</visible>
                            <bordersize>8</bordersize>
                        </control>
                        <control type="image">
                            <texture background="true" diffuse="home/home_matte2.png" fallback="resource://resource.images.skinicons.wide/addons.png">$INFO[ListItem.Icon]</texture>
                            <aspectratio scalediffuse="false" align="center" aligny="top">scale</aspectratio>
                            <colordiffuse>$INFO[Skin.String(MainMenuTextColor)]</colordiffuse>
                            <visible>Skin.HasSetting(ColorizeHomeVerticalTiles)</visible>
                            <bordersize>8</bordersize>
                        </control>
                        <control type="group">
                            <include condition="!Skin.HasSetting(NoTitleOnHomeMenuTiles)">ThumbsTagOverlay</include>
                            <visible>!String.IsEqual(ListItem.Property(disableLabel), disable)</visible>
                        </control>
                    </control>
                </itemlayout>
                <focusedlayout height="verthome_tiles_height" width="375" condition="Skin.String(HomeLayout, simplever_tiles) + [!Skin.HasSetting(VerticalHomeInlineSubmenu) | String.IsEqual(Container(300).ListItem.Property(squaresubmenu),enable)]">
                    <include>HomeSimpleVertical_FocusedMainMenuItem_tile</include>
                </focusedlayout>
                <focusedlayout height="80" width="370" condition="[String.IsEqual(Container(4445).NumItems,0) | String.IsEmpty(Container(4445).NumItems) | !String.IsEqual(Window(Home).Property(submenu),show) | !Skin.HasSetting(VerticalHomeInlineSubmenu) | String.IsEqual(Container(300).ListItem.Property(squaresubmenu),enable)] + !Skin.String(HomeLayout, simplever_tiles)">
                    <include>HomeSimpleVertical_FocusedMainMenuItem</include>
                </focusedlayout>
                
                <focusedlayout height="140" width="370" condition="String.IsEqual(Window(Home).Property(submenu),show) + String.IsEqual(Container(4445).NumItems,1) + Skin.HasSetting(VerticalHomeInlineSubmenu) + !Skin.String(HomeLayout, simplever_tiles) + !String.IsEqual(Container(300).ListItem.Property(squaresubmenu),enable)">
                    <include>HomeSimpleVertical_FocusedMainMenuItem</include>
                </focusedlayout>
                <focusedlayout height="205" width="370" condition="String.IsEqual(Window(Home).Property(submenu),show) + String.IsEqual(Container(4445).NumItems,2) + Skin.HasSetting(VerticalHomeInlineSubmenu) + !Skin.String(HomeLayout, simplever_tiles) + !String.IsEqual(Container(300).ListItem.Property(squaresubmenu),enable)">
                    <include>HomeSimpleVertical_FocusedMainMenuItem</include>
                </focusedlayout>
                <focusedlayout height="270" width="370" condition="String.IsEqual(Window(Home).Property(submenu),show) + String.IsEqual(Container(4445).NumItems,3) + Skin.HasSetting(VerticalHomeInlineSubmenu) + !Skin.String(HomeLayout, simplever_tiles) + !String.IsEqual(Container(300).ListItem.Property(squaresubmenu),enable)">
                    <include>HomeSimpleVertical_FocusedMainMenuItem</include>
                </focusedlayout>
                <focusedlayout height="335" width="370" condition="String.IsEqual(Window(Home).Property(submenu),show) + String.IsEqual(Container(4445).NumItems,4) + Skin.HasSetting(VerticalHomeInlineSubmenu) + !Skin.String(HomeLayout, simplever_tiles) + !String.IsEqual(Container(300).ListItem.Property(squaresubmenu),enable)">
                    <include>HomeSimpleVertical_FocusedMainMenuItem</include>
                </focusedlayout>
                <focusedlayout height="380" width="370" condition="String.IsEqual(Window(Home).Property(submenu),show) + String.IsEqual(Container(4445).NumItems,5) + Skin.HasSetting(VerticalHomeInlineSubmenu) + !Skin.String(HomeLayout, simplever_tiles) + !String.IsEqual(Container(300).ListItem.Property(squaresubmenu),enable)">
                    <include>HomeSimpleVertical_FocusedMainMenuItem</include>
                </focusedlayout>
                <focusedlayout height="460" width="370" condition="String.IsEqual(Window(Home).Property(submenu),show) + Integer.IsGreater(Container(4445).NumItems,5) + Skin.HasSetting(VerticalHomeInlineSubmenu) + !Skin.String(HomeLayout, simplever_tiles) + !String.IsEqual(Container(300).ListItem.Property(squaresubmenu),enable)">
                    <include>HomeSimpleVertical_FocusedMainMenuItem</include>
                </focusedlayout>
                <focusedlayout height="510" width="370" condition="String.IsEqual(Window(Home).Property(submenu),show) + Integer.IsGreater(Container(4445).NumItems,5) + Skin.HasSetting(VerticalHomeInlineSubmenu) + Skin.String(HomeLayout, simplever_tiles) + !String.IsEqual(Container(300).ListItem.Property(squaresubmenu),enable)">
                    <include>HomeSimpleVertical_FocusedMainMenuItem_tile</include>
                </focusedlayout>
                <focusedlayout height="450" width="370" condition="String.IsEqual(Window(Home).Property(submenu),show) + String.IsEqual(Container(4445).NumItems,5) + Skin.HasSetting(VerticalHomeInlineSubmenu) + Skin.String(HomeLayout, simplever_tiles) + !String.IsEqual(Container(300).ListItem.Property(squaresubmenu),enable)">
                    <include>HomeSimpleVertical_FocusedMainMenuItem_tile</include>
                </focusedlayout>
                <focusedlayout height="450" width="310" condition="String.IsEqual(Window(Home).Property(submenu),show) + String.IsEqual(Container(4445).NumItems,4) + Skin.HasSetting(VerticalHomeInlineSubmenu) + Skin.String(HomeLayout, simplever_tiles) + !String.IsEqual(Container(300).ListItem.Property(squaresubmenu),enable)">
                    <include>HomeSimpleVertical_FocusedMainMenuItem_tile</include>
                </focusedlayout>
                <focusedlayout height="390" width="370" condition="String.IsEqual(Window(Home).Property(submenu),show) + String.IsEqual(Container(4445).NumItems,4) + Skin.HasSetting(VerticalHomeInlineSubmenu) + Skin.String(HomeLayout, simplever_tiles) + !String.IsEqual(Container(300).ListItem.Property(squaresubmenu),enable)">
                    <include>HomeSimpleVertical_FocusedMainMenuItem_tile</include>
                </focusedlayout>
                <focusedlayout height="330" width="370" condition="String.IsEqual(Window(Home).Property(submenu),show) + String.IsEqual(Container(4445).NumItems,3) + Skin.HasSetting(VerticalHomeInlineSubmenu) + Skin.String(HomeLayout, simplever_tiles) + !String.IsEqual(Container(300).ListItem.Property(squaresubmenu),enable)">
                    <include>HomeSimpleVertical_FocusedMainMenuItem_tile</include>
                </focusedlayout>
                <focusedlayout height="270" width="370" condition="String.IsEqual(Window(Home).Property(submenu),show) + String.IsEqual(Container(4445).NumItems,2) + Skin.HasSetting(VerticalHomeInlineSubmenu) + Skin.String(HomeLayout, simplever_tiles) + !String.IsEqual(Container(300).ListItem.Property(squaresubmenu),enable)">
                    <include>HomeSimpleVertical_FocusedMainMenuItem_tile</include>
                </focusedlayout>
                <focusedlayout height="210" width="370" condition="String.IsEqual(Window(Home).Property(submenu),show) + String.IsEqual(Container(4445).NumItems,1) + Skin.HasSetting(VerticalHomeInlineSubmenu) + Skin.String(HomeLayout, simplever_tiles) + !String.IsEqual(Container(300).ListItem.Property(squaresubmenu),enable)">
                    <include>HomeSimpleVertical_FocusedMainMenuItem_tile</include>
                </focusedlayout>
                <content><include>skinshortcuts-mainmenu</include></content>
            </control>
            
            <!--submenu inline-->
            <include condition="!Skin.HasSetting(DisableAllSubmenus) + Skin.HasSetting(VerticalHomeInlineSubmenu)">HomeSimpleVerticalSubMenuInline</include>
            <!-- Power button -->
            <control type="group">
                <posx>20</posx>
                <bottom>5</bottom>
                <width>60</width>
                <height>60</height>
                <include content="PowerButton" condition="!Skin.HasSetting(EnableTouchSupport) + !Skin.HasSetting(DisablePowerMenu)">
                    <param name="visibility" value="!Skin.HasSetting(HidePowerMenu)" />
                </include>
            </control>
            <!-- touchscreen support -->
            <include condition="Skin.HasSetting(EnableTouchSupport)">TouchControlsFooter</include>
        
        </control>
    </include>
	<include name="HomeSimpleVertical_FocusedMainMenuItem">
		<control type="image">
             <!-- focus sub menu -->
			<width>145%</width>
            <texture>colors/color_white.png</texture>
            <colordiffuse>$INFO[Skin.String(HomeViewDetailsFocusColor)]</colordiffuse>
			<visible>!Control.HasFocus(4444)</visible>
            </control>
		<!-- menu label -->
		<control type="label">
			<right>-100</right>
			<width>145%</width>
			<height>80</height>
            		<!-- MAIN LEFT SETTING FOCUSED MAIN-->
			<align>right</align>
			<aligny>center</aligny>
			<textcolor>$INFO[Skin.String(MainMenuFocusTextColor)]</textcolor>
			<label>[B]$INFO[ListItem.Label][/B]</label>
			<font>Reg50</font>			<!-- Focused Main -->
            <scroll>true</scroll>
			<include condition="Skin.HasSetting(Vertical_Home_Animation)">Focus_Zoom_Animation_SimpleVerHome</include>
			<visible>!Skin.HasSetting(SimpleVerHomeLeftAlign)</visible>
		</control>
		<control type="label">
			<left>20</left>
			<width>145%</width>
			<height>80</height>
            		<!-- MAIN LEFT SETTING FOCUSED MAIN-->
			<align>left</align>
			<aligny>center</aligny>
			<textcolor>$INFO[Skin.String(MainMenuFocusTextColor)]</textcolor>
			<label>[B]$INFO[ListItem.Label][/B]</label>
			<font>Reg50</font>			<!-- Focused Main -->
            <scroll>true</scroll>
			<include condition="Skin.HasSetting(Vertical_Home_Animation)">Focus_Zoom_Animation_SimpleVerHome</include>
			<visible>Skin.HasSetting(SimpleVerHomeLeftAlign)</visible>
		</control>
        <include>HiddenHomeMenuButton</include>
	</include>
	<include name="HomeSimpleVertical_FocusedMainMenuItem_tile">
		<control type="group">
			<width>375</width>
			<left>50</left>
			<height>verthome_tiles_height</height>
			<control type="image">
				<texture>home/home_matte2.png</texture>
				<colordiffuse>$INFO[Skin.String(MainMenuFocusTextColor)]</colordiffuse>
                <visible>!Skin.HasSetting(ColorizeHomeVerticalTiles)</visible>
			</control>
			<control type="image">
				<bordersize>8</bordersize>
				<texture background="true" diffuse="home/home_matte2.png" fallback="resource://resource.images.skinicons.wide/addons.png">$INFO[ListItem.Icon]</texture>
				<aspectratio scalediffuse="false" align="center" aligny="top">scale</aspectratio>
                <visible>!Skin.HasSetting(ColorizeHomeVerticalTiles)</visible>
			</control>
            <control type="image">
				<bordersize>8</bordersize>
				<texture background="true" diffuse="home/home_matte2.png" fallback="resource://resource.images.skinicons.wide/addons.png">$INFO[ListItem.Icon]</texture>
				<aspectratio scalediffuse="false" align="center" aligny="top">scale</aspectratio>
                <colordiffuse>$INFO[Skin.String(MainMenuFocusTextColor)]</colordiffuse>
                <visible>Skin.HasSetting(ColorizeHomeVerticalTiles)</visible>
			</control>
			<control type="group">
				<include condition="!Skin.HasSetting(NoTitleOnHomeMenuTiles)">ThumbsTagOverlay</include>
				<visible>!String.IsEqual(ListItem.Property(disableLabel), disable)</visible>
			</control>
			<include>HiddenHomeMenuButton</include>
			<visible>!Skin.HasSetting(UseDefaultVerticalLayout)</visible>
		</control>
		<control type="group">
			<width>375</width>
			<left>0</left>
			<height>verthome_tiles_height</height>
			<control type="image">
				<texture>home/home_matte2.png</texture>
				<colordiffuse>$INFO[Skin.String(MainMenuFocusTextColor)]</colordiffuse>
                <visible>!Skin.HasSetting(ColorizeHomeVerticalTiles)</visible>
			</control>
			<control type="image">
				<bordersize>8</bordersize>
				<texture background="true" diffuse="home/home_matte2.png" fallback="resource://resource.images.skinicons.wide/addons.png">$INFO[ListItem.Icon]</texture>
				<aspectratio scalediffuse="false" align="center" aligny="top">scale</aspectratio>
                <visible>!Skin.HasSetting(ColorizeHomeVerticalTiles)</visible>
			</control>
            <control type="image">
				<bordersize>8</bordersize>
				<texture background="true" diffuse="home/home_matte2.png" fallback="resource://resource.images.skinicons.wide/addons.png">$INFO[ListItem.Icon]</texture>
				<aspectratio scalediffuse="false" align="center" aligny="top">scale</aspectratio>
                <colordiffuse>$INFO[Skin.String(MainMenuFocusTextColor)]</colordiffuse>
                <visible>Skin.HasSetting(ColorizeHomeVerticalTiles)</visible>
			</control>
			<control type="group">
				<include condition="!Skin.HasSetting(NoTitleOnHomeMenuTiles)">ThumbsTagOverlay</include>
				<visible>!String.IsEqual(ListItem.Property(disableLabel), disable)</visible>
			</control>
			<include>HiddenHomeMenuButton</include>
			<visible>Skin.HasSetting(UseDefaultVerticalLayout)</visible>
		</control>
	</include>
    <include name="HomeSimpleVertical_AltHeight">
        <height>850</height>
    </include>
    <include name="HomeSimpleVerticalSubMenuNormal">
		<!-- submenu -->
		<control type="group">
			<posx>30</posx>
			<posy>130</posy>
			<animation type="Conditional" condition="Control.IsVisible(4444)">
				<effect type="fade" start="0" end="100" time="250" delay="0" />
			</animation>
			<animation type="Conditional" condition="!Control.IsVisible(4444) | Control.IsVisible(4446)">
				<effect type="fade" start="100" end="0" time="150" delay="0" />
			</animation>
            <animation type="Conditional" condition="!Control.IsVisible(4444) | Control.IsVisible(4446)">
				<effect type="slide" start="0" end="-300" time="5" delay="145" />
			</animation>
			<animation type="Conditional" condition="Integer.IsGreater(Container(300).Position,0) + !Skin.String(HomeLayout, simplever_tiles)">
				<effect type="slide" end="0,80" time="0" delay="0" />
			</animation>
			<animation type="Conditional" condition="Integer.IsGreater(Container(300).Position,1) + !Skin.String(HomeLayout, simplever_tiles)">
				<effect type="slide" end="0,80" time="0" delay="0" />
			</animation>
			<animation type="Conditional" condition="Integer.IsGreater(Container(300).Position,2) + !Skin.String(HomeLayout, simplever_tiles)">
				<effect type="slide" end="0,80" time="0" delay="0" />
			</animation>
			<animation type="Conditional" condition="Integer.IsGreater(Container(300).Position,3) + !Skin.String(HomeLayout, simplever_tiles)">
				<effect type="slide" end="0,80" time="0" delay="0" />
			</animation>
			<animation type="Conditional" condition="Integer.IsGreater(Container(300).Position,4) + !Skin.String(HomeLayout, simplever_tiles)">
				<effect type="slide" end="0,80" time="0" delay="0" />
			</animation>
			<animation type="Conditional" condition="Integer.IsGreater(Container(300).Position,0) + Skin.String(HomeLayout, simplever_tiles)">
				<effect type="slide" end="0,170" time="0" delay="0" />
			</animation>
			<animation type="Conditional" condition="Integer.IsGreater(Container(300).Position,1) + Skin.String(HomeLayout, simplever_tiles)">
				<effect type="slide" end="0,170" time="0" delay="0" />
			</animation>
			<animation type="Conditional" condition="Integer.IsGreater(Container(300).Position,2) + Skin.String(HomeLayout, simplever_tiles)">
				<effect type="slide" end="0,170" time="0" delay="0" />
			</animation>
			<animation type="Conditional" condition="Integer.IsGreater(Container(300).Position,3) + Skin.String(HomeLayout, simplever_tiles)">
				<effect type="slide" end="0,10" time="0" delay="0" />
			</animation>

			<!--Panel
            <control type="group">
                <visible>Skin.String(MainMenuPanelColor) + !Skin.String(MainMenuPanelColor,None)</visible>
                <posy>-10</posy>
                <posx>-20</posx>
                <width>360</width>
                <control type="image">
                    <height>410</height>
                    <texture border="5">diffuse/panel.png</texture>
                    <colordiffuse>$INFO[Skin.String(MainMenuPanelColor)]</colordiffuse>
                    <visible>Integer.IsGreater(Container(4444).NumItems,5)</visible>
                    <aspectratio>stretch</aspectratio>
                </control>
                <control type="image">
                    <height>345</height>
                    <texture border="5">diffuse/panel.png</texture>
                    <colordiffuse>$INFO[Skin.String(MainMenuPanelColor)]</colordiffuse>
                    <visible>String.IsEqual(Container(4444).NumItems,5)</visible>
                    <aspectratio>stretch</aspectratio>
                </control>
                <control type="image">
                    <height>280</height>
                    <texture border="5">diffuse/panel.png</texture>
                    <colordiffuse>$INFO[Skin.String(MainMenuPanelColor)]</colordiffuse>
                    <visible>String.IsEqual(Container(4444).NumItems,4)</visible>
                    <aspectratio>stretch</aspectratio>
                </control>
                <control type="image">
                    <height>215</height>
                    <texture border="5">diffuse/panel.png</texture>
                    <colordiffuse>$INFO[Skin.String(MainMenuPanelColor)]</colordiffuse>
                    <visible>String.IsEqual(Container(4444).NumItems,3)</visible>
                    <aspectratio>stretch</aspectratio>
                </control>
                <control type="image">
                    <height>150</height>
                    <texture border="5">diffuse/panel.png</texture>
                    <colordiffuse>$INFO[Skin.String(MainMenuPanelColor)]</colordiffuse>
                    <visible>String.IsEqual(Container(4444).NumItems,2)</visible>
                    <aspectratio>stretch</aspectratio>
                </control>
                <control type="image">
                    <height>85</height>
                    <texture border="5">diffuse/panel.png</texture>
                    <colordiffuse>$INFO[Skin.String(MainMenuPanelColor)]</colordiffuse>
                    <visible>String.IsEqual(Container(4444).NumItems,1)</visible>
                    <aspectratio>stretch</aspectratio>
                </control>
            </control>-->
			<control type="list" id="4444"> <!-- pop up, not in line-->
				<visible allowhiddenfocus="true">[String.Contains(Window(Home).Property(submenu),show) | control.hasfocus(4444)] + Integer.IsGreater(Container(4445).NumItems,0) + !String.IsEqual(Container(300).ListItem.Property(squaresubmenu),enable)</visible>
				<visible>!Skin.HasSetting(DisableAllSubmenus)</visible>
				
				<animation effect="slide" start="0" end="-400" time="450"  condition="!String.Contains(Window(Home).Property(submenu),show) + !Skin.HasSetting(VerticalHomeInlineSubmenu)">Conditional</animation>			
				<!-- auto submenu , needs fine tuning -->
				<!--animation effect="slide" start="350,0" end="-800" time="900" tween="back" easing="inout" condition="!String.Contains(Window(Home).Property(submenu),show) + !Skin.HasSetting(VerticalHomeInlineSubmenu) + Skin.HasSetting(AutoShowSubmenu)">Conditional</animation-->	
				<width>550</width>
				<height>380</height>
				<itemgap>3</itemgap>
				<onleft>300</onleft>
				<onright>ClearProperty(submenu,home)</onright>
				<onright condition="!Skin.HasSetting(AutoShowSubmenu)">ClearProperty(submenu,home)</onright>
				<onright>300</onright>
				<onup>4444</onup>
				<ondown>4444</ondown>
				<onback>300</onback>
				<onback>ClearProperty(submenu,home)</onback>
				<focusposition>0</focusposition>
				<movement>3</movement>
				<itemlayout width="450" height="65">
                    <control type="label">
						<include condition="Skin.HasSetting(SimpleVerHomeLeftAlign)">align_left</include>
						<align>right</align>
					
                        <posx>0</posx>
                        <width>450</width>
                        
                        <font>Reg28</font>			<!-- non focus sub, popup -->
                        <height>60</height>
                        <textcolor>$INFO[Skin.String(MainMenuTextColor)]</textcolor>
                        <label>$INFO[ListItem.Label]</label>
                    </control>
				</itemlayout>
				<focusedlayout width="450" height="65">
                    <control type="image">
                        <!-- focus sub menu -->
						<animation type="Conditional" condition="true">
							<effect type="slide" start="0" end="-35" time="0" />
						</animation>
						<width>110%</width>
                        <texture>colors/color_white.png</texture>
                        <colordiffuse>$INFO[Skin.String(HomeViewDetailsFocusColor)]</colordiffuse>
                    </control>
					<control type="label">
						<include condition="Skin.HasSetting(SimpleVerHomeLeftAlign)">align_left</include>
						<align>right</align>
                        <posx>0</posx>
                        <width>450</width>
                        
                        <font>Reg40</font>			<!-- focus sub, popup -->
                        <height>60</height>
                        <textcolor>$INFO[Skin.String(MainMenuFocusTextColor)]</textcolor>
                        <label>[B]$INFO[ListItem.Label][/B]</label>
                        <scroll>true</scroll>
                    </control>
                    <control type="button">
						<include condition="Skin.HasSetting(SimpleVerHomeLeftAlign)">align_left</include>
						<align>right</align>
                        <label></label>
                        <visible>false</visible>
                        <onfocus>SetProperty(submenu,show,home)</onfocus>
                    </control>
				</focusedlayout>
				<content>
                    <include condition="!Skin.HasSetting(DisableAllSubmenus)">skinshortcuts-submenu</include>
				</content>
			</control>
		</control>
	</include>
	<include name="HomeSimpleVerticalSubMenuInline"> 
		<control type="group">
			<posx>190</posx>
			<posy>130</posy>
			<animation type="Conditional" condition="Integer.IsGreater(Container(300).Position,0) + !Skin.String(HomeLayout, simplever_tiles)">
				<effect type="slide" end="0,80" time="0" delay="0" />
			</animation>
			<animation type="Conditional" condition="Integer.IsGreater(Container(300).Position,1) + !Skin.String(HomeLayout, simplever_tiles)">
				<effect type="slide" end="0,80" time="0" delay="0" />
			</animation>
			<animation type="Conditional" condition="Integer.IsGreater(Container(300).Position,2) + !Skin.String(HomeLayout, simplever_tiles)">
				<effect type="slide" end="0,80" time="0" delay="0" />
			</animation>
			<animation type="Conditional" condition="Integer.IsGreater(Container(300).Position,3) + !Skin.String(HomeLayout, simplever_tiles)">
				<effect type="slide" end="0,80" time="0" delay="0" />
			</animation>
			<animation type="Conditional" condition="Integer.IsGreater(Container(300).Position,4) + !Skin.String(HomeLayout, simplever_tiles)">
				<effect type="slide" end="0,80" time="0" delay="0" />
			</animation>
			<animation type="Conditional" condition="Integer.IsGreater(Container(300).Position,5) + !Skin.String(HomeLayout, simplever_tiles)">
				<effect type="slide" end="0,80" time="0" delay="0" />
			</animation>
			<animation type="Conditional" condition="Skin.String(HomeLayout, simplever_tiles)">
				<effect type="slide" end="0,70" time="0" delay="0" />
			</animation>
			<animation type="Conditional" condition="Integer.IsGreater(Container(300).Position,0) + Skin.String(HomeLayout, simplever_tiles)">
				<effect type="slide" end="0,170" time="0" delay="0" />
			</animation>
			<animation type="Conditional" condition="Integer.IsGreater(Container(300).Position,1) + Skin.String(HomeLayout, simplever_tiles)">
				<effect type="slide" end="0,170" time="0" delay="0" />
			</animation>
			<animation type="Conditional" condition="Integer.IsGreater(Container(300).Position,2) + Skin.String(HomeLayout, simplever_tiles)">
				<effect type="slide" end="0,170" time="0" delay="0" />
			</animation>
			<animation type="Conditional" condition="Integer.IsGreater(Container(300).Position,3) + Skin.String(HomeLayout, simplever_tiles)">
				<effect type="slide" end="0,170" time="0" delay="0" />
			</animation>
			<animation type="Conditional" condition="Integer.IsGreater(Container(300).Position,4) + Skin.String(HomeLayout, simplever_tiles)">
				<effect type="slide" end="0,170" time="0" delay="0" />
			</animation>
			<animation type="Conditional" condition="Integer.IsGreater(Container(300).Position,5) + Skin.String(HomeLayout, simplever_tiles)">
				<effect type="slide" end="0,170" time="0" delay="0" />
			</animation>
		
			<control type="list" id="4444">	<!-- use default align, left -->
				<visible allowhiddenfocus="true">[String.Contains(Window(Home).Property(submenu),show) | control.hasfocus(4444)] + Integer.IsGreater(Container(4445).NumItems,0)</visible>
				<visible>!Skin.HasSetting(DisableAllSubmenus) + !String.IsEqual(Container(300).ListItem.Property(squaresubmenu),enable)</visible>
				
				<!-- when MAIN is left -->
				<animation effect="slide" start="-150" end="-800" time="450" condition="!String.Contains(Window(Home).Property(submenu),show) + Skin.HasSetting(VerticalHomeInlineSubmenu)">Conditional</animation>			
			
				<width>550</width>
				<posx>0</posx>
				<posy>0</posy>
				<height>440</height>
				<itemgap>3</itemgap>
				<onleft>300</onleft>
				
				<onleft condition="!Skin.HasSetting(AutoShowSubmenu)">ClearProperty(submenu,home)</onleft>
				<onright>300</onright>
				<onright>ClearProperty(submenu,home)</onright>
				<onright condition="!Skin.HasSetting(AutoShowSubmenu)">ClearProperty(submenu,home)</onright>
				<!-- 
				<onup condition="!Skin.HasSetting(AutoShowSubmenu)">ClearProperty(submenu,home)</onup>
				<ondown condition="!Skin.HasSetting(AutoShowSubmenu)">ClearProperty(submenu,home)</ondown>
				<onup>300</onup>
				<ondown>Control.Move(300,1)</ondown>
				<ondown>300</ondown>
				-->
				<onback>300</onback>
				<onback condition="!Skin.HasSetting(AutoShowSubmenu)">ClearProperty(submenu,home)</onback>
				<focusposition>0</focusposition>
				<movement>3</movement>
				<itemlayout width="550" height="65">
                    <control type="label">
                        <posx>0</posx>
                        <width>545</width>
						<font>Reg30</font>
                        <height>60</height>
                        <textcolor>$INFO[Skin.String(MainMenuTextColor)]</textcolor>
                        <label>$INFO[ListItem.Label]</label>
                        <animation effect="fade" time="200" start="100" end="60" reversible="true" condition="!Control.HasFocus(4444)">Conditional</animation>
                    </control>
                </itemlayout>
				<focusedlayout width="450" height="65">
					<control type="image">
                        <!-- focus sub menu -->
                        <texture>colors/color_white.png</texture>
                        <colordiffuse>$INFO[Skin.String(HomeViewDetailsFocusColor)]</colordiffuse>
                    </control>
                    <control type="label">
                        <posx>0</posx>
                        <width>450</width>
						<font>Reg30</font>
                        <height>60</height>
                        <textcolor>$INFO[Skin.String(MainMenuTextColor)]</textcolor>
                        <label>$INFO[ListItem.Label]</label>
                        <visible>!Control.HasFocus(4444)</visible>
                        <animation effect="fade" time="200" start="100" end="60" reversible="true" condition="!Control.HasFocus(4444)">Conditional</animation>
                    </control>
					<control type="image">
                        <!-- focus sub menu -->
						<animation type="Conditional" condition="true">
							<effect type="slide" start="0" end="-50" time="0" />
						</animation>
                        <texture>colors/color_white.png</texture>
                        <colordiffuse>$INFO[Skin.String(HomeViewDetailsFocusColor)]</colordiffuse>
                    </control>
                    <control type="label">
                        <posx>0</posx>
                        <width>450</width>
						<font>Reg45</font>
                        <height>60</height>
                        <textcolor>$INFO[Skin.String(MainMenuFocusTextColor)]</textcolor>
                        <label>$INFO[ListItem.Label]</label>
                        <visible>Control.HasFocus(4444)</visible>
                        <animation effect="fade" time="200" start="100" end="60" reversible="true" condition="!Control.HasFocus(4444)">Conditional</animation>
                    </control>
                    <control type="button">
                        <label></label>
                        <visible>false</visible>
                        <onfocus>SetProperty(submenu,show,home)</onfocus>
                    </control>
				</focusedlayout>
				<content>
                    <include>skinshortcuts-submenu</include>
				</content>
            </control>
		</control>
    </include>
    
    <!-- Big Vertical Home -->
    <include name="HomeBigVertical">
		
        <!-- Header -->
		<include>Header</include>
        
        <control type="group">
			<top>0</top>
			<animation effect="slide" tween="cubic" time="600" start="-818" end="0" reversible="false">WindowOpen</animation>
			<animation effect="slide" tween="cubic" time="150" start="0" end="-818" reversible="false">WindowClose</animation>
			<animation effect="slide" tween="cubic" time="600" start="-818" end="0" reversible="false">Visible</animation>
			<animation effect="slide" tween="cubic" time="150" start="0" end="-818" reversible="false">Hidden</animation>
			
            <!-- Submenu -->
            <include>HomeBigVertical_submenu</include>
            <!-- MainMenu -->
            <include>HomeBigVertical_mainmenu</include>
			
        </control>
    </include>
    <include name="HomeBigVertical_submenu">
        <control type="group" id="9001">
            <control type="list" id="4444">
                <visible>!String.IsEqual(Container(300).ListItem.Property(squaresubmenu),enable)</visible>
                <animation effect="slide" time="150" tween="cubic" easing="inout" start="0" end="0,120" condition="Container(300).Position(1) + [String.IsEqual(Container(4444).NumItems,1) | String.IsEqual(Container(4444).NumItems,2) | String.IsEqual(Container(4444).NumItems,3) | String.IsEqual(Container(4444).NumItems,4) | String.IsEqual(Container(4444).NumItems,5) | String.IsEqual(Container(4444).NumItems,6) | String.IsEqual(Container(4444).NumItems,7) | String.IsEqual(Container(4444).NumItems,8) | String.IsEqual(Container(4444).NumItems,9) | String.IsEqual(Container(4444).NumItems,10) | String.IsEqual(Container(4444).NumItems,11) | String.IsEqual(Container(4444).NumItems,12) | String.IsEqual(Container(4444).NumItems,13)]">Conditional</animation>
                <animation effect="slide" time="150" tween="cubic" easing="inout" start="0" end="0,72" condition="Container(300).Position(1) + [String.IsEqual(Container(4444).NumItems,14)]">Conditional</animation>
                <animation effect="slide" time="150" tween="cubic" easing="inout" start="0" end="0,240" condition="Container(300).Position(2) + [String.IsEqual(Container(4444).NumItems,1) | String.IsEqual(Container(4444).NumItems,2) | String.IsEqual(Container(4444).NumItems,3) | String.IsEqual(Container(4444).NumItems,4) | String.IsEqual(Container(4444).NumItems,5) | String.IsEqual(Container(4444).NumItems,6) | String.IsEqual(Container(4444).NumItems,7) | String.IsEqual(Container(4444).NumItems,8) | String.IsEqual(Container(4444).NumItems,9) | String.IsEqual(Container(4444).NumItems,10) | String.IsEqual(Container(4444).NumItems,11)]">Conditional</animation>
                <animation effect="slide" time="150" tween="cubic" easing="inout" start="0" end="0,216" condition="Container(300).Position(2) + [String.IsEqual(Container(4444).NumItems,12)]">Conditional</animation>
                <animation effect="slide" time="150" tween="cubic" easing="inout" start="0" end="0,144" condition="Container(300).Position(2) + [String.IsEqual(Container(4444).NumItems,13)]">Conditional</animation>
                <animation effect="slide" time="150" tween="cubic" easing="inout" start="0" end="0,72" condition="Container(300).Position(2) + [String.IsEqual(Container(4444).NumItems,14)]">Conditional</animation>
                <animation effect="slide" time="150" tween="cubic" easing="inout" start="0" end="0,360" condition="Container(300).Position(3) + [String.IsEqual(Container(4444).NumItems,1) | String.IsEqual(Container(4444).NumItems,2) | String.IsEqual(Container(4444).NumItems,3) | String.IsEqual(Container(4444).NumItems,4) | String.IsEqual(Container(4444).NumItems,5) | String.IsEqual(Container(4444).NumItems,6) | String.IsEqual(Container(4444).NumItems,7) | String.IsEqual(Container(4444).NumItems,8) | String.IsEqual(Container(4444).NumItems,9) | String.IsEqual(Container(4444).NumItems,10)]">Conditional</animation>
                <animation effect="slide" time="150" tween="cubic" easing="inout" start="0" end="0,288" condition="Container(300).Position(3) + [String.IsEqual(Container(4444).NumItems,11)]">Conditional</animation>
                <animation effect="slide" time="150" tween="cubic" easing="inout" start="0" end="0,216" condition="Container(300).Position(3) + [String.IsEqual(Container(4444).NumItems,12)]">Conditional</animation>
                <animation effect="slide" time="150" tween="cubic" easing="inout" start="0" end="0,144" condition="Container(300).Position(3) + [String.IsEqual(Container(4444).NumItems,13)]">Conditional</animation>
                <animation effect="slide" time="150" tween="cubic" easing="inout" start="0" end="0,72" condition="Container(300).Position(3) + [String.IsEqual(Container(4444).NumItems,14)]">Conditional</animation>
                <animation effect="slide" time="150" tween="cubic" easing="inout" start="0" end="0,480" condition="Container(300).Position(4) + [String.IsEqual(Container(4444).NumItems,1) | String.IsEqual(Container(4444).NumItems,2) | String.IsEqual(Container(4444).NumItems,3) | String.IsEqual(Container(4444).NumItems,4) | String.IsEqual(Container(4444).NumItems,5) | String.IsEqual(Container(4444).NumItems,6) | String.IsEqual(Container(4444).NumItems,7) | String.IsEqual(Container(4444).NumItems,8)]">Conditional</animation>
                <animation effect="slide" time="150" tween="cubic" easing="inout" start="0" end="0,432" condition="Container(300).Position(4) + [String.IsEqual(Container(4444).NumItems,9)]">Conditional</animation>
                <animation effect="slide" time="150" tween="cubic" easing="inout" start="0" end="0,360" condition="Container(300).Position(4) + [String.IsEqual(Container(4444).NumItems,10)]">Conditional</animation>
                <animation effect="slide" time="150" tween="cubic" easing="inout" start="0" end="0,288" condition="Container(300).Position(4) + [String.IsEqual(Container(4444).NumItems,11)]">Conditional</animation>
                <animation effect="slide" time="150" tween="cubic" easing="inout" start="0" end="0,216" condition="Container(300).Position(4) + [String.IsEqual(Container(4444).NumItems,12)]">Conditional</animation>
                <animation effect="slide" time="150" tween="cubic" easing="inout" start="0" end="0,144" condition="Container(300).Position(4) + [String.IsEqual(Container(4444).NumItems,13)]">Conditional</animation>
                <animation effect="slide" time="150" tween="cubic" easing="inout" start="0" end="0,72" condition="Container(300).Position(4) + [String.IsEqual(Container(4444).NumItems,14)]">Conditional</animation>
                <animation effect="slide" time="150" tween="cubic" easing="inout" start="0" end="0,600" condition="Container(300).Position(5) + [String.IsEqual(Container(4444).NumItems,1) | String.IsEqual(Container(4444).NumItems,2) | String.IsEqual(Container(4444).NumItems,3) | String.IsEqual(Container(4444).NumItems,4) | String.IsEqual(Container(4444).NumItems,5) | String.IsEqual(Container(4444).NumItems,6)]">Conditional</animation>
                <animation effect="slide" time="150" tween="cubic" easing="inout" start="0" end="0,576" condition="Container(300).Position(5) + [String.IsEqual(Container(4444).NumItems,7)]">Conditional</animation>
                <animation effect="slide" time="150" tween="cubic" easing="inout" start="0" end="0,504" condition="Container(300).Position(5) + [String.IsEqual(Container(4444).NumItems,8)]">Conditional</animation>
                <animation effect="slide" time="150" tween="cubic" easing="inout" start="0" end="0,432" condition="Container(300).Position(5) + [String.IsEqual(Container(4444).NumItems,9)]">Conditional</animation>
                <animation effect="slide" time="150" tween="cubic" easing="inout" start="0" end="0,360" condition="Container(300).Position(5) + [String.IsEqual(Container(4444).NumItems,10)]">Conditional</animation>
                <animation effect="slide" time="150" tween="cubic" easing="inout" start="0" end="0,288" condition="Container(300).Position(5) + [String.IsEqual(Container(4444).NumItems,11)]">Conditional</animation>
                <animation effect="slide" time="150" tween="cubic" easing="inout" start="0" end="0,216" condition="Container(300).Position(5) + [String.IsEqual(Container(4444).NumItems,12)]">Conditional</animation>
                <animation effect="slide" time="150" tween="cubic" easing="inout" start="0" end="0,144" condition="Container(300).Position(5) + [String.IsEqual(Container(4444).NumItems,13)]">Conditional</animation>
                <animation effect="slide" time="150" tween="cubic" easing="inout" start="0" end="0,72" condition="Container(300).Position(5) + [String.IsEqual(Container(4444).NumItems,14)]">Conditional</animation>
                <animation effect="slide" time="150" tween="cubic" easing="inout" start="0" end="0,720" condition="Container(300).Position(6) + [String.IsEqual(Container(4444).NumItems,1) | String.IsEqual(Container(4444).NumItems,2) | String.IsEqual(Container(4444).NumItems,3) | String.IsEqual(Container(4444).NumItems,4) | String.IsEqual(Container(4444).NumItems,5)]">Conditional</animation>
                <animation effect="slide" time="150" tween="cubic" easing="inout" start="0" end="0,648" condition="Container(300).Position(6) + [String.IsEqual(Container(4444).NumItems,6)]">Conditional</animation>
                <animation effect="slide" time="150" tween="cubic" easing="inout" start="0" end="0,576" condition="Container(300).Position(6) + [String.IsEqual(Container(4444).NumItems,7)]">Conditional</animation>
                <animation effect="slide" time="150" tween="cubic" easing="inout" start="0" end="0,504" condition="Container(300).Position(6) + [String.IsEqual(Container(4444).NumItems,8)]">Conditional</animation>
                <animation effect="slide" time="150" tween="cubic" easing="inout" start="0" end="0,432" condition="Container(300).Position(6) + [String.IsEqual(Container(4444).NumItems,9)]">Conditional</animation>
                <animation effect="slide" time="150" tween="cubic" easing="inout" start="0" end="0,360" condition="Container(300).Position(6) + [String.IsEqual(Container(4444).NumItems,10)]">Conditional</animation>
                <animation effect="slide" time="150" tween="cubic" easing="inout" start="0" end="0,288" condition="Container(300).Position(6) + [String.IsEqual(Container(4444).NumItems,11)]">Conditional</animation>
                <animation effect="slide" time="150" tween="cubic" easing="inout" start="0" end="0,216" condition="Container(300).Position(6) + [String.IsEqual(Container(4444).NumItems,12)]">Conditional</animation>
                <animation effect="slide" time="150" tween="cubic" easing="inout" start="0" end="0,144" condition="Container(300).Position(6) + [String.IsEqual(Container(4444).NumItems,13)]">Conditional</animation>
                <animation effect="slide" time="150" tween="cubic" easing="inout" start="0" end="0,72" condition="Container(300).Position(6) + [String.IsEqual(Container(4444).NumItems,14)]">Conditional</animation>
                <animation effect="slide" time="150" tween="cubic" easing="inout" start="0" end="0,840" condition="Container(300).Position(7) + [String.IsEqual(Container(4444).NumItems,1) | String.IsEqual(Container(4444).NumItems,2) | String.IsEqual(Container(4444).NumItems,3)]">Conditional</animation>
                <animation effect="slide" time="150" tween="cubic" easing="inout" start="0" end="0,792" condition="Container(300).Position(7) + [String.IsEqual(Container(4444).NumItems,4)]">Conditional</animation>
                <animation effect="slide" time="150" tween="cubic" easing="inout" start="0" end="0,720" condition="Container(300).Position(7) + [String.IsEqual(Container(4444).NumItems,5)]">Conditional</animation>
                <animation effect="slide" time="150" tween="cubic" easing="inout" start="0" end="0,648" condition="Container(300).Position(7) + [String.IsEqual(Container(4444).NumItems,6)]">Conditional</animation>
                <animation effect="slide" time="150" tween="cubic" easing="inout" start="0" end="0,576" condition="Container(300).Position(7) + [String.IsEqual(Container(4444).NumItems,7)]">Conditional</animation>
                <animation effect="slide" time="150" tween="cubic" easing="inout" start="0" end="0,504" condition="Container(300).Position(7) + [String.IsEqual(Container(4444).NumItems,8)]">Conditional</animation>
                <animation effect="slide" time="150" tween="cubic" easing="inout" start="0" end="0,432" condition="Container(300).Position(7) + [String.IsEqual(Container(4444).NumItems,9)]">Conditional</animation>
                <animation effect="slide" time="150" tween="cubic" easing="inout" start="0" end="0,360" condition="Container(300).Position(7) + [String.IsEqual(Container(4444).NumItems,10)]">Conditional</animation>
                <animation effect="slide" time="150" tween="cubic" easing="inout" start="0" end="0,288" condition="Container(300).Position(7) + [String.IsEqual(Container(4444).NumItems,11)]">Conditional</animation>
                <animation effect="slide" time="150" tween="cubic" easing="inout" start="0" end="0,216" condition="Container(300).Position(7) + [String.IsEqual(Container(4444).NumItems,12)]">Conditional</animation>
                <animation effect="slide" time="150" tween="cubic" easing="inout" start="0" end="0,144" condition="Container(300).Position(7) + [String.IsEqual(Container(4444).NumItems,13)]">Conditional</animation>
                <animation effect="slide" time="150" tween="cubic" easing="inout" start="0" end="0,72" condition="Container(300).Position(7) + [String.IsEqual(Container(4444).NumItems,14)]">Conditional</animation>
                <animation effect="slide" time="150" tween="cubic" easing="inout" start="0" end="0,960" condition="Container(300).Position(8) + [String.IsEqual(Container(4444).NumItems,1)]">Conditional</animation>
                <animation effect="slide" time="150" tween="cubic" easing="inout" start="0" end="0,936" condition="Container(300).Position(8) + [String.IsEqual(Container(4444).NumItems,2)]">Conditional</animation>
                <animation effect="slide" time="150" tween="cubic" easing="inout" start="0" end="0,864" condition="Container(300).Position(8) + [String.IsEqual(Container(4444).NumItems,3)]">Conditional</animation>
                <animation effect="slide" time="150" tween="cubic" easing="inout" start="0" end="0,792" condition="Container(300).Position(8) + [String.IsEqual(Container(4444).NumItems,4)]">Conditional</animation>
                <animation effect="slide" time="150" tween="cubic" easing="inout" start="0" end="0,720" condition="Container(300).Position(8) + [String.IsEqual(Container(4444).NumItems,5)]">Conditional</animation>
                <animation effect="slide" time="150" tween="cubic" easing="inout" start="0" end="0,648" condition="Container(300).Position(8) + [String.IsEqual(Container(4444).NumItems,6)]">Conditional</animation>
                <animation effect="slide" time="150" tween="cubic" easing="inout" start="0" end="0,576" condition="Container(300).Position(8) + [String.IsEqual(Container(4444).NumItems,7)]">Conditional</animation>
                <animation effect="slide" time="150" tween="cubic" easing="inout" start="0" end="0,504" condition="Container(300).Position(8) + [String.IsEqual(Container(4444).NumItems,8)]">Conditional</animation>
                <animation effect="slide" time="150" tween="cubic" easing="inout" start="0" end="0,432" condition="Container(300).Position(8) + [String.IsEqual(Container(4444).NumItems,9)]">Conditional</animation>
                <animation effect="slide" time="150" tween="cubic" easing="inout" start="0" end="0,360" condition="Container(300).Position(8) + [String.IsEqual(Container(4444).NumItems,10)]">Conditional</animation>
                <animation effect="slide" time="150" tween="cubic" easing="inout" start="0" end="0,288" condition="Container(300).Position(8) + [String.IsEqual(Container(4444).NumItems,11)]">Conditional</animation>
                <animation effect="slide" time="150" tween="cubic" easing="inout" start="0" end="0,216" condition="Container(300).Position(8) + [String.IsEqual(Container(4444).NumItems,12)]">Conditional</animation>
                <animation effect="slide" time="150" tween="cubic" easing="inout" start="0" end="0,144" condition="Container(300).Position(8) + [String.IsEqual(Container(4444).NumItems,13)]">Conditional</animation>
                <animation effect="slide" time="150" tween="cubic" easing="inout" start="0" end="0,72" condition="Container(300).Position(8) + [String.IsEqual(Container(4444).NumItems,14)]">Conditional</animation>
                
                <animation effect="slide" time="150" tween="cubic" easing="inout" start="0" end="0,1080" condition="Container(300).Position(9) + [String.IsEqual(Container(4444).NumItems,1)]">Conditional</animation>
                <animation effect="slide" time="150" tween="cubic" easing="inout" start="0" end="0,1056" condition="Container(300).Position(9) + [String.IsEqual(Container(4444).NumItems,2)]">Conditional</animation>
                <animation effect="slide" time="150" tween="cubic" easing="inout" start="0" end="0,984" condition="Container(300).Position(9) + [String.IsEqual(Container(4444).NumItems,3)]">Conditional</animation>
                <animation effect="slide" time="150" tween="cubic" easing="inout" start="0" end="0,912" condition="Container(300).Position(9) + [String.IsEqual(Container(4444).NumItems,4)]">Conditional</animation>
                <animation effect="slide" time="150" tween="cubic" easing="inout" start="0" end="0,840" condition="Container(300).Position(9) + [String.IsEqual(Container(4444).NumItems,5)]">Conditional</animation>
                <animation effect="slide" time="150" tween="cubic" easing="inout" start="0" end="0,768" condition="Container(300).Position(9) + [String.IsEqual(Container(4444).NumItems,6)]">Conditional</animation>
                <animation effect="slide" time="150" tween="cubic" easing="inout" start="0" end="0,696" condition="Container(300).Position(9) + [String.IsEqual(Container(4444).NumItems,7)]">Conditional</animation>
                <animation effect="slide" time="150" tween="cubic" easing="inout" start="0" end="0,624" condition="Container(300).Position(9) + [String.IsEqual(Container(4444).NumItems,8)]">Conditional</animation>
                <animation effect="slide" time="150" tween="cubic" easing="inout" start="0" end="0,552" condition="Container(300).Position(9) + [String.IsEqual(Container(4444).NumItems,9)]">Conditional</animation>
                <animation effect="slide" time="150" tween="cubic" easing="inout" start="0" end="0,480" condition="Container(300).Position(9) + [String.IsEqual(Container(4444).NumItems,10)]">Conditional</animation>
                <animation effect="slide" time="150" tween="cubic" easing="inout" start="0" end="0,408" condition="Container(300).Position(9) + [String.IsEqual(Container(4444).NumItems,11)]">Conditional</animation>
                <animation effect="slide" time="150" tween="cubic" easing="inout" start="0" end="0,336" condition="Container(300).Position(9) + [String.IsEqual(Container(4444).NumItems,12)]">Conditional</animation>
                <animation effect="slide" time="150" tween="cubic" easing="inout" start="0" end="0,264" condition="Container(300).Position(9) + [String.IsEqual(Container(4444).NumItems,13)]">Conditional</animation>
                <animation effect="slide" time="150" tween="cubic" easing="inout" start="0" end="0,192" condition="Container(300).Position(9) + [String.IsEqual(Container(4444).NumItems,14)]">Conditional</animation>
                <animation effect="slide" time="150" start="0" end="818" condition="Control.HasFocus(4444) | String.Contains(Window(Home).Property(submenu),show)">Conditional</animation>
                <animation effect="fade" start="0" end="100" time="50" delay="250" condition="Control.HasFocus(4444) | String.Contains(Window(Home).Property(submenu),show)">Conditional</animation>
                <left>-384</left>
                <top>0</top>
                <width>384</width>
                <height>1080</height>
                <onup>4444</onup>
                <ondown>4444</ondown>
                <onleft>300</onleft>
                <onback>ClearProperty(submenu, Home)</onback>
                <onleft>ClearProperty(submenu, Home)</onleft>
                <onright>ClearProperty(submenu, Home)</onright>
                <onright condition="Skin.String(HomeLayout,netflix2)">ClearProperty(ShowViewSubMenu, Home)</onright>
                <onback condition="Skin.String(HomeLayout,netflix2)">ClearProperty(ShowViewSubMenu, Home)</onback>
                <onright condition="Skin.String(HomeLayout,netflix2)">9000</onright>
                <onback condition="Skin.String(HomeLayout,netflix2)">9000</onback>
                <onright>300</onright>
                <onback>300</onback>
                <pagecontrol></pagecontrol>
                <scrolltime tween="quadratic" easing="out">300</scrolltime>
                <focusposition>1</focusposition>
                <movement>2</movement>
                <orientation>vertical</orientation>
                <itemlayout height="72" width="384">
                    <control type="image">
                        <texture>colors/color_white.png</texture>
                        <colordiffuse>$INFO[Skin.String(MainMenuPanelColor)]</colordiffuse>
						<visible>!Skin.HasSetting(HideMainPanelBackground)</visible>										  
                    </control>
                    <control type="label">
                        <width>94%</width>
                        <height>100%</height>
                        <left>3%</left>
                        <font>Light26</font>
                        <textcolor>$INFO[Skin.String(MainMenuTextColor)]</textcolor>
                        <selectedcolor>$INFO[Skin.String(MainMenuTextColor)]</selectedcolor>
                        <align>left</align>
                        <aligny>center</aligny>
                        <label>$VAR[homemenuitem_label]</label>
                    </control>
                </itemlayout>
                <focusedlayout height="72" width="384">
                    <control type="image">
                        <!-- focus sub menu -->
                        <texture>colors/color_white.png</texture>
                        <colordiffuse>$INFO[Skin.String(HomeViewDetailsFocusColor)]</colordiffuse>
                        <visible>Control.HasFocus(4444)</visible>
                    </control>
                    <control type="image">
                        <texture>colors/color_white.png</texture>
                        <colordiffuse>$INFO[Skin.String(MainMenuPanelColor)]</colordiffuse>
                        <visible>!Control.HasFocus(4444)</visible>
                    </control>
                    <control type="label">
                        <width>94%</width>
                        <height>100%</height>
                        <left>3%</left>
                        <font>Light26</font>
                        <textcolor>$INFO[Skin.String(MainMenuFocusTextColor)]</textcolor>
                        <align>left</align>
                        <aligny>center</aligny>
                        <scroll>true</scroll>
                        <label>$VAR[homemenuitem_label]</label>
                        <visible>Control.HasFocus(4444)</visible>
                    </control>
                    <control type="label">
                        <width>94%</width>
                        <height>100%</height>
                        <left>3%</left>
                        <font>Light26</font>
                        <textcolor>$INFO[Skin.String(MainMenuTextColor)]</textcolor>
                        <align>left</align>
                        <aligny>center</aligny>
                        <scroll>true</scroll>
                        <label>$VAR[homemenuitem_label]</label>
                        <visible>!Control.HasFocus(4444)</visible>
                    </control>
                    <control type="button">
                        <label></label>
                        <visible>false</visible>
                        <onfocus>SetProperty(submenu,show,home)</onfocus>
                    </control>
                </focusedlayout>
                <content>
                    <include condition="!Skin.HasSetting(DisableAllSubmenus)">skinshortcuts-submenu</include>
                </content>
            </control>
        </control>
			
    </include>
    <include name="HomeBigVertical_mainmenu">
	<control type="group">
		<animation type="Conditional" condition="[String.Contains(Window(Home).Property(submenu),show) | Control.HasFocus(300) | Control.HasFocus(311055)] + !Control.HasFocus(77777)">
			<effect type="slide" start="-580" end="0" time="450" delay="0"  />
		</animation>					  
		<control type="image">
            <!-- Panel -->
            <top>0</top>
            <width>434</width>
            <height>100%</height>
            <texture>colors/color_white.png</texture>
            <colordiffuse>$INFO[Skin.String(MainMenuPanelColor)]</colordiffuse>
			<visible>!Skin.HasSetting(HideMainPanelBackground)</visible>
        </control>
        <control type="image">
            <!-- Home Focus panel -->
            <left>0</left>
            <top>0</top>
            <width>434</width>
            <height>120</height>
            <animation effect="fade" start="100" end="60" time="150" condition="!Control.HasFocus(300)">Conditional</animation>
            <texture>colors/color_white.png</texture>
            <colordiffuse>$INFO[Skin.String(HomeViewDetailsFocusColor)]</colordiffuse>
            <animation effect="slide" end="0,120" time="150" tween="cubic" easing="inout" condition="Container(300).Position(9)">Conditional</animation>
            <animation effect="slide" end="0,120" time="150" tween="cubic" easing="inout" condition="Container(300).Position(9) | Container(300).Position(8)">Conditional</animation>
            <animation effect="slide" end="0,120" time="150" tween="cubic" easing="inout" condition="Container(300).Position(9) | Container(300).Position(8) | Container(300).Position(7)">Conditional</animation>
            <animation effect="slide" end="0,120" time="150" tween="cubic" easing="inout" condition="Container(300).Position(9) | Container(300).Position(8) | Container(300).Position(7) | Container(300).Position(6)">Conditional</animation>
            <animation effect="slide" end="0,120" time="150" tween="cubic" easing="inout" condition="Container(300).Position(9) | Container(300).Position(8) | Container(300).Position(7) | Container(300).Position(6) | Container(300).Position(5)">Conditional</animation>
            <animation effect="slide" end="0,120" time="150" tween="cubic" easing="inout" condition="Container(300).Position(9) | Container(300).Position(8) | Container(300).Position(7) | Container(300).Position(6) | Container(300).Position(5) | Container(300).Position(4)">Conditional</animation>
            <animation effect="slide" end="0,120" time="150" tween="cubic" easing="inout" condition="Container(300).Position(9) | Container(300).Position(8) | Container(300).Position(7) | Container(300).Position(6) | Container(300).Position(5) | Container(300).Position(4) | Container(300).Position(3)">Conditional</animation>
            <animation effect="slide" end="0,120" time="150" tween="cubic" easing="inout" condition="Container(300).Position(9) | Container(300).Position(8) | Container(300).Position(7) | Container(300).Position(6) | Container(300).Position(5) | Container(300).Position(4) | Container(300).Position(3) | Container(300).Position(2)">Conditional</animation>
            <animation effect="slide" end="0,120" time="150" tween="cubic" easing="inout" condition="Container(300).Position(9) | Container(300).Position(8) | Container(300).Position(7) | Container(300).Position(6) | Container(300).Position(5) | Container(300).Position(4) | Container(300).Position(3) | Container(300).Position(2) | Container(300).Position(1)">Conditional</animation>
        </control>
        <control type="list" id="300">
            <animation effect="fade" start="100" end="50" time="150" condition="!Control.HasFocus(300)">conditional</animation>
            <left>0</left>
            <top>0</top>
            <width>434</width>
            <height>100%</height>
            <!-- <onback condition="!Skin.HasSetting(DisablePowerMenu)">ActivateWindow(ShutdownMenu)</onback> -->
            <onback condition="!Skin.HasSetting(DisablePowerMenu)">Control.SetFocus(311055,0)</onback>
			<ondown>300</ondown>
            <onup>300</onup>
			<onleft condition="Control.IsVisible(4446)">Control.SetFocus(4446,0)</onleft>
            <onleft condition="!Control.IsVisible(4446) + Integer.IsGreater(Container(4445).NumItems,0) + !Skin.HasSetting(OpenSubMenuOnClick)">Control.SetFocus(4444,0)</onleft>
			<onright>77777</onright>
			<pagecontrol></pagecontrol>
            <scrolltime tween="quadratic" easing="out">150</scrolltime>
            <orientation>Vertical</orientation>
            <itemlayout height="120" width="434">
                <control type="label">
                    <width>94%</width>
                    <height>100%</height>
                    <left>5%</left>
                    <font>Light44</font>
                    <textcolor>$INFO[Skin.String(MainMenuTextColor)]</textcolor>
                    <align>left</align>
                    <aligny>center</aligny>
                    <label>$VAR[homemenuitem_label]</label>
                </control>
            </itemlayout>
            <focusedlayout height="120" width="434">
                <control type="label">
                    <width>94%</width>
                    <height>100%</height>
                    <left>5%</left>
                    <font>Light44</font>
                    <textcolor>$INFO[Skin.String(MainMenuFocusTextColor)]</textcolor>
                    <selectedcolor>$INFO[Skin.String(MainMenuFocusTextColor)]</selectedcolor>
                    <align>left</align>
                    <aligny>center</aligny>
                    <scroll>true</scroll>
                    <label>$VAR[homemenuitem_label]</label>
                </control>
                <include>HiddenHomeMenuButton</include>
            </focusedlayout>
            <content><include>skinshortcuts-mainmenu</include></content>
        </control>
	</control>	
    </include>

    <!--  includes for widgets -->
    <include name="VerticalWidgets">
        <control type="grouplist" id="77777">
            <left>480</left>
            <right>40</right>
            <top>145</top>
            <bottom>65</bottom>
            
			<itemgap>-40</itemgap>
            <usecontrolcoords>true</usecontrolcoords>
			<scrolltime tween="cubic" easing="in">300</scrolltime>
			<pagecontrol>317</pagecontrol>
			
			<ondown>77777</ondown>
            <onleft condition="!Skin.HasSetting(EnhancedHome_Circular)">300</onleft>
            <onup>77777</onup>
            <onback>300</onback>
            <!-- lower panel if no rss or infoline present -->
            <animation effect="slide" start="0,0" end="0,50" time="0" delay="0" condition="!system.getbool(lookandfeel.enablerssfeeds) + [String.IsEmpty(Container(300).ListItem.Property(infoline)) | String.IsEqual(Container(300).ListItem.Property(infoline),none)]">Conditional</animation>
            
            <!-- lower widgets if enabled -->
            <animation effect="slide" start="0" end="0,0" time="0" condition="[String.IsEqual(Container(300).ListItem.Property(widgetstyle),poster) | [String.IsEmpty(Container(300).ListItem.Property(widgetstyle)) + Skin.String(widgetstyle,poster)]] + String.IsEqual(Container(300).ListItem.Property(lowerwidgets),enable) + String.IsEqual(Container(300).ListItem.Property(multiwidget),single) + !Skin.HasSetting(ShowAllWidgets)">Conditional</animation>
            <animation effect="slide" start="0" end="0,-10" time="0" condition="[String.IsEqual(Container(300).ListItem.Property(widgetstyle),posterdetails) | [String.IsEmpty(Container(300).ListItem.Property(widgetstyle)) + Skin.String(widgetstyle,posterdetails)]] + String.IsEqual(Container(300).ListItem.Property(lowerwidgets),enable) + String.IsEqual(Container(300).ListItem.Property(multiwidget),single) + !Skin.HasSetting(ShowAllWidgets)">Conditional</animation>
            <animation effect="slide" start="0" end="0,120" time="0" condition="[String.IsEqual(Container(300).ListItem.Property(widgetstyle),smallposter) | [String.IsEmpty(Container(300).ListItem.Property(widgetstyle)) + Skin.String(widgetstyle,smallposter)]] + String.IsEqual(Container(300).ListItem.Property(lowerwidgets),enable) + String.IsEqual(Container(300).ListItem.Property(multiwidget),single) + !Skin.HasSetting(ShowAllWidgets)">Conditional</animation>
            <animation effect="slide" start="0" end="0,120" time="0" condition="[String.IsEqual(Container(300).ListItem.Property(widgetstyle),square) | [String.IsEmpty(Container(300).ListItem.Property(widgetstyle)) + Skin.String(widgetstyle,square)]] + String.IsEqual(Container(300).ListItem.Property(lowerwidgets),enable) + String.IsEqual(Container(300).ListItem.Property(multiwidget),single) + !Skin.HasSetting(ShowAllWidgets)">Conditional</animation>
            <animation effect="slide" start="0" end="0,240" time="0" condition="[String.IsEqual(Container(300).ListItem.Property(widgetstyle),minisquare) | [String.IsEmpty(Container(300).ListItem.Property(widgetstyle)) + Skin.String(widgetstyle,minisquare)]] + String.IsEqual(Container(300).ListItem.Property(lowerwidgets),enable) + String.IsEqual(Container(300).ListItem.Property(multiwidget),single) + !Skin.HasSetting(ShowAllWidgets)">Conditional</animation>
            <animation effect="slide" start="0" end="0,150" time="0" condition="[String.IsEqual(Container(300).ListItem.Property(widgetstyle),landscape) | [String.IsEmpty(Container(300).ListItem.Property(widgetstyle)) + Skin.String(widgetstyle,landscape)]] + String.IsEqual(Container(300).ListItem.Property(lowerwidgets),enable) + String.IsEqual(Container(300).ListItem.Property(multiwidget),single) + !Skin.HasSetting(ShowAllWidgets)">Conditional</animation>
            <animation effect="slide" start="0" end="0,100" time="0" condition="[String.IsEqual(Container(300).ListItem.Property(widgetstyle),landscapelarge) | [String.IsEmpty(Container(300).ListItem.Property(widgetstyle)) + Skin.String(widgetstyle,landscapelarge)]] + String.IsEqual(Container(300).ListItem.Property(lowerwidgets),enable) + String.IsEqual(Container(300).ListItem.Property(multiwidget),single) + !Skin.HasSetting(ShowAllWidgets)">Conditional</animation>
            <animation effect="slide" start="0" end="0,210" time="0" condition="[String.IsEqual(Container(300).ListItem.Property(widgetstyle),landscapesmall) | [String.IsEmpty(Container(300).ListItem.Property(widgetstyle)) + Skin.String(widgetstyle,landscapesmall)]] + String.IsEqual(Container(300).ListItem.Property(lowerwidgets),enable) + String.IsEqual(Container(300).ListItem.Property(multiwidget),single) + !Skin.HasSetting(ShowAllWidgets)">Conditional</animation>
            <animation effect="slide" start="0" end="0,160" time="0" condition="[String.IsEqual(Container(300).ListItem.Property(widgetstyle),landscapedetails) | [String.IsEmpty(Container(300).ListItem.Property(widgetstyle)) + Skin.String(widgetstyle,landscapedetails)]] + String.IsEqual(Container(300).ListItem.Property(lowerwidgets),enable) + String.IsEqual(Container(300).ListItem.Property(multiwidget),single) + !Skin.HasSetting(ShowAllWidgets)">Conditional</animation>
            <animation effect="slide" start="0" end="0,215" time="0" condition="[String.IsEqual(Container(300).ListItem.Property(widgetstyle),banner) | [String.IsEmpty(Container(300).ListItem.Property(widgetstyle)) + Skin.String(widgetstyle,banner)]] + String.IsEqual(Container(300).ListItem.Property(lowerwidgets),enable) + String.IsEqual(Container(300).ListItem.Property(multiwidget),single) + !Skin.HasSetting(ShowAllWidgets)">Conditional</animation>
            <animation effect="slide" start="0" end="0,80" time="0" condition="[String.IsEqual(Container(300).ListItem.Property(widgetstyle),singlebox) | [String.IsEmpty(Container(300).ListItem.Property(widgetstyle)) + Skin.String(widgetstyle,singlebox)]] + String.IsEqual(Container(300).ListItem.Property(lowerwidgets),enable) + String.IsEqual(Container(300).ListItem.Property(multiwidget),single) + !Skin.HasSetting(ShowAllWidgets)">Conditional</animation>
            <animation effect="slide" start="0" end="0,155" time="0" condition="[String.IsEqual(Container(300).ListItem.Property(widgetstyle),widebox) | [String.IsEmpty(Container(300).ListItem.Property(widgetstyle)) + Skin.String(widgetstyle,widebox)]] + String.IsEqual(Container(300).ListItem.Property(lowerwidgets),enable) + String.IsEqual(Container(300).ListItem.Property(multiwidget),single) + !Skin.HasSetting(ShowAllWidgets)">Conditional</animation>
			<animation effect="slide" start="0" end="0,100" time="0" condition="[String.IsEqual(Container(300).ListItem.Property(widgetstyle),circle) | [String.IsEmpty(Container(300).ListItem.Property(widgetstyle)) + Skin.String(widgetstyle,circle)]] + String.IsEqual(Container(300).ListItem.Property(lowerwidgets),enable) + String.IsEqual(Container(300).ListItem.Property(multiwidget),single) + !Skin.HasSetting(ShowAllWidgets)">Conditional</animation>
			<animation effect="slide" start="0" end="0,-20" time="0" condition="[String.IsEqual(Container(300).ListItem.Property(widgetstyle),landscapewidedetails) | [String.IsEmpty(Container(300).ListItem.Property(widgetstyle)) + Skin.String(widgetstyle,landscapewidedetails)]] + String.IsEqual(Container(300).ListItem.Property(lowerwidgets),enable) + String.IsEqual(Container(300).ListItem.Property(multiwidget),single) + !Skin.HasSetting(ShowAllWidgets)">Conditional</animation>
            
            <animation effect="slide" start="0" end="0,330" time="0" condition="!String.IsEqual(Skin.AspectRatio,16:10) + String.IsEqual(Container(300).ListItem.Property(lowerwidgets),enable) + String.IsEqual(Container(300).ListItem.Property(multiwidget),single) + !Skin.HasSetting(ShowAllWidgets)">Conditional</animation>
            <animation effect="slide" start="0" end="0,-320" time="0" condition="String.IsEqual(Container(300).ListItem.Property(squaresubmenu),enable) + String.IsEqual(Container(300).ListItem.Property(lowerwidgets),enable) + String.IsEqual(Container(300).ListItem.Property(multiwidget),single) + !Skin.HasSetting(ShowAllWidgets)">Conditional</animation>

            <!-- square submenu -->
            <include condition="!Skin.HasSetting(DisableAllSubmenus)">VerticalHomeSquareSubMenu</include>
            
            <!-- all widgets -->
			<include>1stRow_AlignmentCorrection</include>
            <include>skinshortcuts-template-Widgets</include>

        </control>
        <control type="scrollbar" id="317"> 
            <right>0</right>
            <top>180</top>
            <bottom>50</bottom>
            <onleft>77777</onleft>
            <onright>300</onright>
            <showonepage>false</showonepage>
            <visible>[Skin.HasSetting(EnableTouchSupport) | Skin.HasSetting(alwaysShowScrollbars) | Control.HasFocus(317)]</visible>
            <animation effect="slide" start="0,0" end="0,50" time="0" delay="0" condition="!system.getbool(lookandfeel.enablerssfeeds) + [String.IsEmpty(Container(300).ListItem.Property(infoline)) | String.IsEqual(Container(300).ListItem.Property(infoline),none)]">Conditional</animation>
        </control>
            
    </include>
    <include name="VerticalWidgetsLarge">
        <control type="grouplist" id="77777">
            <left>470</left>
            <right>40</right>
            <include condition="Skin.String(home_header,disable)">VerticalWidgetsExtraLarge</include>
            <top>145</top>
            <bottom>20</bottom>
            
			<itemgap>-40</itemgap>
            <usecontrolcoords>true</usecontrolcoords>
			<scrolltime tween="cubic" easing="in">300</scrolltime>
			<pagecontrol>317</pagecontrol>
			
			<ondown>77777</ondown>
            <onleft condition="!Skin.HasSetting(EnhancedHome_Circular)">300</onleft>
            <onup>77777</onup>
            <onback>300</onback>
           
            <!-- lower widgets if enabled -->
            <animation effect="slide" start="0" end="0,0" time="0" condition="[String.IsEqual(Container(300).ListItem.Property(widgetstyle),poster) | [String.IsEmpty(Container(300).ListItem.Property(widgetstyle)) + Skin.String(widgetstyle,poster)]] + String.IsEqual(Container(300).ListItem.Property(lowerwidgets),enable) + String.IsEqual(Container(300).ListItem.Property(multiwidget),single) + !Skin.HasSetting(ShowAllWidgets)">Conditional</animation>
            <animation effect="slide" start="0" end="0,-10" time="0" condition="[String.IsEqual(Container(300).ListItem.Property(widgetstyle),posterdetails) | [String.IsEmpty(Container(300).ListItem.Property(widgetstyle)) + Skin.String(widgetstyle,posterdetails)]] + String.IsEqual(Container(300).ListItem.Property(lowerwidgets),enable) + String.IsEqual(Container(300).ListItem.Property(multiwidget),single) + !Skin.HasSetting(ShowAllWidgets)">Conditional</animation>
            <animation effect="slide" start="0" end="0,120" time="0" condition="[String.IsEqual(Container(300).ListItem.Property(widgetstyle),smallposter) | [String.IsEmpty(Container(300).ListItem.Property(widgetstyle)) + Skin.String(widgetstyle,smallposter)]] + String.IsEqual(Container(300).ListItem.Property(lowerwidgets),enable) + String.IsEqual(Container(300).ListItem.Property(multiwidget),single) + !Skin.HasSetting(ShowAllWidgets)">Conditional</animation>
            <animation effect="slide" start="0" end="0,120" time="0" condition="[String.IsEqual(Container(300).ListItem.Property(widgetstyle),square) | [String.IsEmpty(Container(300).ListItem.Property(widgetstyle)) + Skin.String(widgetstyle,square)]] + String.IsEqual(Container(300).ListItem.Property(lowerwidgets),enable) + String.IsEqual(Container(300).ListItem.Property(multiwidget),single) + !Skin.HasSetting(ShowAllWidgets)">Conditional</animation>
            <animation effect="slide" start="0" end="0,240" time="0" condition="[String.IsEqual(Container(300).ListItem.Property(widgetstyle),minisquare) | [String.IsEmpty(Container(300).ListItem.Property(widgetstyle)) + Skin.String(widgetstyle,minisquare)]] + String.IsEqual(Container(300).ListItem.Property(lowerwidgets),enable) + String.IsEqual(Container(300).ListItem.Property(multiwidget),single) + !Skin.HasSetting(ShowAllWidgets)">Conditional</animation>
            <animation effect="slide" start="0" end="0,150" time="0" condition="[String.IsEqual(Container(300).ListItem.Property(widgetstyle),landscape) | [String.IsEmpty(Container(300).ListItem.Property(widgetstyle)) + Skin.String(widgetstyle,landscape)]] + String.IsEqual(Container(300).ListItem.Property(lowerwidgets),enable) + String.IsEqual(Container(300).ListItem.Property(multiwidget),single) + !Skin.HasSetting(ShowAllWidgets)">Conditional</animation>
            <animation effect="slide" start="0" end="0,100" time="0" condition="[String.IsEqual(Container(300).ListItem.Property(widgetstyle),landscapelarge) | [String.IsEmpty(Container(300).ListItem.Property(widgetstyle)) + Skin.String(widgetstyle,landscapelarge)]] + String.IsEqual(Container(300).ListItem.Property(lowerwidgets),enable) + String.IsEqual(Container(300).ListItem.Property(multiwidget),single) + !Skin.HasSetting(ShowAllWidgets)">Conditional</animation>
            <animation effect="slide" start="0" end="0,210" time="0" condition="[String.IsEqual(Container(300).ListItem.Property(widgetstyle),landscapesmall) | [String.IsEmpty(Container(300).ListItem.Property(widgetstyle)) + Skin.String(widgetstyle,landscapesmall)]] + String.IsEqual(Container(300).ListItem.Property(lowerwidgets),enable) + String.IsEqual(Container(300).ListItem.Property(multiwidget),single) + !Skin.HasSetting(ShowAllWidgets)">Conditional</animation>
            <animation effect="slide" start="0" end="0,160" time="0" condition="[String.IsEqual(Container(300).ListItem.Property(widgetstyle),landscapedetails) | [String.IsEmpty(Container(300).ListItem.Property(widgetstyle)) + Skin.String(widgetstyle,landscapedetails)]] + String.IsEqual(Container(300).ListItem.Property(lowerwidgets),enable) + String.IsEqual(Container(300).ListItem.Property(multiwidget),single) + !Skin.HasSetting(ShowAllWidgets)">Conditional</animation>
            <animation effect="slide" start="0" end="0,215" time="0" condition="[String.IsEqual(Container(300).ListItem.Property(widgetstyle),banner) | [String.IsEmpty(Container(300).ListItem.Property(widgetstyle)) + Skin.String(widgetstyle,banner)]] + String.IsEqual(Container(300).ListItem.Property(lowerwidgets),enable) + String.IsEqual(Container(300).ListItem.Property(multiwidget),single) + !Skin.HasSetting(ShowAllWidgets)">Conditional</animation>
            <animation effect="slide" start="0" end="0,80" time="0" condition="[String.IsEqual(Container(300).ListItem.Property(widgetstyle),singlebox) | [String.IsEmpty(Container(300).ListItem.Property(widgetstyle)) + Skin.String(widgetstyle,singlebox)]] + String.IsEqual(Container(300).ListItem.Property(lowerwidgets),enable) + String.IsEqual(Container(300).ListItem.Property(multiwidget),single) + !Skin.HasSetting(ShowAllWidgets)">Conditional</animation>
            <animation effect="slide" start="0" end="0,155" time="0" condition="[String.IsEqual(Container(300).ListItem.Property(widgetstyle),widebox) | [String.IsEmpty(Container(300).ListItem.Property(widgetstyle)) + Skin.String(widgetstyle,widebox)]] + String.IsEqual(Container(300).ListItem.Property(lowerwidgets),enable) + String.IsEqual(Container(300).ListItem.Property(multiwidget),single) + !Skin.HasSetting(ShowAllWidgets)">Conditional</animation>
			<animation effect="slide" start="0" end="0,100" time="0" condition="[String.IsEqual(Container(300).ListItem.Property(widgetstyle),circle) | [String.IsEmpty(Container(300).ListItem.Property(widgetstyle)) + Skin.String(widgetstyle,circle)]] + String.IsEqual(Container(300).ListItem.Property(lowerwidgets),enable) + String.IsEqual(Container(300).ListItem.Property(multiwidget),single) + !Skin.HasSetting(ShowAllWidgets)">Conditional</animation>
			<animation effect="slide" start="0" end="0,-20" time="0" condition="[String.IsEqual(Container(300).ListItem.Property(widgetstyle),landscapewidedetails) | [String.IsEmpty(Container(300).ListItem.Property(widgetstyle)) + Skin.String(widgetstyle,landscapewidedetails)]] + String.IsEqual(Container(300).ListItem.Property(lowerwidgets),enable) + String.IsEqual(Container(300).ListItem.Property(multiwidget),single) + !Skin.HasSetting(ShowAllWidgets)">Conditional</animation>
            
            <animation effect="slide" start="0" end="0,380" time="0" condition="!String.IsEqual(Skin.AspectRatio,16:10) + String.IsEqual(Container(300).ListItem.Property(lowerwidgets),enable) + String.IsEqual(Container(300).ListItem.Property(multiwidget),single) + !Skin.HasSetting(ShowAllWidgets)">Conditional</animation>
            <animation effect="slide" start="0" end="0,-320" time="0" condition="String.IsEqual(Container(300).ListItem.Property(squaresubmenu),enable) + String.IsEqual(Container(300).ListItem.Property(lowerwidgets),enable) + String.IsEqual(Container(300).ListItem.Property(multiwidget),single) + !Skin.HasSetting(ShowAllWidgets)">Conditional</animation>

            <!-- square submenu -->
            <include condition="!Skin.HasSetting(DisableAllSubmenus)">VerticalHomeSquareSubMenu</include>
            <include>1stRow_AlignmentCorrection</include>
            <include>skinshortcuts-template-Widgets</include>
            
        </control>
        <control type="scrollbar" id="317"> 
            <left>450</left>
            <right>60</right>
            <include condition="Skin.String(home_header,disable)">VerticalWidgetsExtraLarge</include>
            <top>140</top>
            <bottom>0</bottom>
            <onleft>77777</onleft>
            <onright>300</onright>
            <showonepage>false</showonepage>
            <visible>[Skin.HasSetting(EnableTouchSupport) | Skin.HasSetting(alwaysShowScrollbars) | Control.HasFocus(317)]</visible>
        </control>
            
    </include>
    <include name="VerticalWidgetsExtraLarge">
        <top>10</top>
    </include>
    <include name="VerticalHomeSquareSubMenu">
		<control type="label" id="14446">
			<visible>String.IsEqual(Container(300).ListItem.Property(squaresubmenu),enable)</visible>
			<height>50</height>
			<width>100%</width>
			<label>$LOCALIZE[1034]</label>
			<textoffset>10</textoffset>
			<include condition="!Skin.HasSetting(WidgetAlignRight) + !Skin.HasSetting(WidgetCentered)">widget_header_leftalign</include>
			<include condition="Skin.HasSetting(WidgetCentered)">widget_header_centered</include>
			<include condition="Skin.HasSetting(WidgetAlignRight)">widget_header_rightalign</include>
			<textcolor>$INFO[Skin.String(ViewDetailsTextColor)]</textcolor>
			<shadowcolor>$INFO[Skin.String(ViewDetailsTextShadowColor)]</shadowcolor>
			<font>Bold34</font>
		</control>
        <control type="panel" id="4446">
			<visible>String.IsEqual(Container(300).ListItem.Property(squaresubmenu),enable)</visible>
			<top>50</top>
			<width>100%</width>			   
			<height>300</height>
			<orientation>horizontal</orientation>
			
			<itemlayout height="235" width="190">
				<control type="group">
					<width>180</width>
					<height>180</height>
					<include content="SquarePosterPanelLayout">
						<param name="colordiffuse" value="$VAR[ViewDetailsPanelColor]" />
						<param name="border" value="thumbsborder_unfocused" />
					</include>
				</control>
				<control type="textbox">
					<width>180</width>
					<height>55</height>
					<top>180</top>
					<align>center</align>
					<label>$INFO[ListItem.Label]</label>
					<font>Reg22</font>
					<autoscroll>false</autoscroll>
					<textcolor>$INFO[Skin.String(ViewDetailsTextColor)]</textcolor>
					<shadowcolor>$INFO[Skin.String(ViewDetailsTextShadowColor)]</shadowcolor>
				</control>
			</itemlayout>
			<focusedlayout height="235" width="190">
				<control type="group">
					<include condition="Skin.HasSetting(WidgetsZoomFocus)">Focus_Zoom_Animation</include>
					<width>180</width>
					<height>180</height>
					<include content="SquarePosterPanelLayout">
						<param name="colordiffuse" value="$VAR[ViewDetailsBorderFocusColor]" />
						<param name="border" value="thumbsborder_focused" />
					</include>
					<control type="textbox">
						<width>180</width>
						<height>55</height>
						<top>180</top>
						<align>center</align>
						<label>$INFO[ListItem.Label,[B],[/B]]</label>
						<font>Reg22</font>
						<autoscroll delay="3000" time="3000" repeat="500">true</autoscroll>
						<textcolor>$INFO[Skin.String(ViewDetailsTextColor)]</textcolor>
						<shadowcolor>$INFO[Skin.String(ViewDetailsTextShadowColor)]</shadowcolor>
					</control>
				</control>
				
			</focusedlayout>
			<content><include>skinshortcuts-submenu</include></content> 
		</control>
    </include>
    
 </includes>